race_id,horse_id,horse_name,position,finish_time,jockey,weight
2005_feb2005,0000727032,メイショウボーラー,1,,,0.0
2005_feb2005,0000769476,シーキングザダイヤ,2,1:34.9,Ｏ．ペリエ,57.0
2005_takamatsu2005,0000620083,アドマイヤマックス,1,1:08.4,武豊,57.0
2005_takamatsu2005,0000704196,キーンランドスワン,2,1:08.8,四位洋文,57.0
2005_takamatsu2005,0000619800,プレシャスカフェ,3,1:08.8,蛯名正義,57.0
2005_ouka2005,0000743113,ラインクラフト,1,1:33.5,福永祐一,55.0
2005_ouka2005,0000743110,シーザリオ,2,1:33.5,吉田稔,55.0
2005_ouka2005,0000750310,デアリングハート,3,1:33.6,Ｍ．デムーロ,55.0
2005_ngj2005,0000320405,カラジ,1,4:50.4,Ｂ．スコット,63.5
2005_ngj2005,0000614653,チアズシャイニング,2,4:50.6,横山義行,63.5
2005_ngj2005,0000706169,ローレルロイス,3,4:50.7,山本康志,63.5
2005_satsuki2005,0000742976,ディープインパクト,1,1:59.2,武豊,57.0
2005_satsuki2005,0000742581,シックスセンス,2,1:59.6,四位洋文,57.0
2005_satsuki2005,0000737164,アドマイヤジャパン,3,1:59.8,横山典弘,57.0
2005_haruten2005,0000725727,スズカマンボ,1,3:16.5,安藤勝己,58.0
2005_haruten2005,0000329164,ビッグゴールド,2,3:16.7,和田竜二,58.0
2005_haruten2005,0000701724,アイポッパー,3,3:16.7,藤田伸二,58.0
2005_nmc2005,0000743113,ラインクラフト,1,1:33.6,福永祐一,55.0
2005_nmc2005,0000750310,デアリングハート,2,1:33.9,後藤浩輝,55.0
2005_nmc2005,0000742986,アイルラヴァゲイン,3,1:34.0,横山典弘,57.0
2005_oaks2005,0000743110,シーザリオ,1,2:28.8,福永祐一,55.0
2005_oaks2005,0000750289,エアメサイア,2,2:28.8,武豊,55.0
2005_oaks2005,0000743031,ディアデラノビア,3,2:28.9,Ｋ．デザーモ,55.0
2005_derby2005,0000742976,ディープインパクト,1,2:23.3,武豊,57.0
2005_derby2005,0000742988,インティライミ,2,2:24.1,佐藤哲三,57.0
2005_derby2005,0000742581,シックスセンス,3,2:24.5,四位洋文,57.0
2005_yasuda2005,0000704212,アサクサデンエン,1,1:32.3,藤田伸二,58.0
2005_yasuda2005,0000726199,スイープトウショウ,2,1:32.3,池添謙一,56.0
2005_yasuda2005,0000424694,サイレントウィットネス,3,1:32.3,Ｆ．コーツィー,58.0
2005_takara2005,0000726199,スイープトウショウ,1,2:11.5,池添謙一,56.0
2005_takara2005,0000722158,ハーツクライ,2,2:11.5,横山典弘,58.0
2005_takara2005,0000701668,ゼンノロブロイ,3,2:11.7,Ｋ．デザーモ,58.0
2005_sprint2005,0000424694,サイレントウィットネス,1,1:07.3,Ｆ．コーツィー,57.0
2005_sprint2005,0000619835,デュランダル,2,1:07.5,池添謙一,57.0
2005_sprint2005,0000620083,アドマイヤマックス,3,1:07.6,武豊,57.0
2005_shuka2005,0000750289,エアメサイア,1,1:59.2,武豊,55.0
2005_shuka2005,0000743113,ラインクラフト,2,1:59.2,福永祐一,55.0
2005_shuka2005,0000742908,ニシノナースコール,3,1:59.7,横山典弘,55.0
2005_kikka2005,0000742976,ディープインパクト,1,3:04.6,武豊,57.0
2005_kikka2005,0000737164,アドマイヤジャパン,2,3:04.9,横山典弘,57.0
2005_kikka2005,0000742989,ローゼンクロイツ,3,3:05.6,安藤勝己,57.0
2005_akiten2005,0000706207,ヘヴンリーロマンス,1,2:00.1,松永幹夫,56.0
2005_akiten2005,0000701668,ゼンノロブロイ,2,2:00.1,横山典弘,58.0
2005_akiten2005,0000726398,ダンスインザムード,3,2:00.1,北村宏司,56.0
2005_eliza2005,0000726199,スイープトウショウ,1,2:12.5,池添謙一,56.0
2005_eliza2005,0000700535,オースミハルカ,2,2:12.6,川島信二,56.0
2005_eliza2005,0000713851,アドマイヤグルーヴ,3,2:13.0,上村洋行,56.0
2005_mile2005,0000210163,ハットトリック,1,1:32.1,Ｏ．ペリエ,57.0
2005_mile2005,0000725485,ダイワメジャー,2,1:32.1,Ｃ．ルメール,57.0
2005_mile2005,0000743113,ラインクラフト,3,1:32.3,福永祐一,54.0
2005_jcd2005,0000742946,カネヒキリ,1,2:08.0,武豊,55.0
2005_jcd2005,0000769476,シーキングザダイヤ,2,2:08.0,横山典弘,57.0
2005_jcd2005,0000626072,スターキングマン,3,2:08.0,Ｋ．デザーモ,57.0
2005_jc2005,0000872979,アルカセット,1,2:22.1,Ｌ．デットーリ,57.0
2005_jc2005,0000722158,ハーツクライ,2,2:22.1,Ｃ．ルメール,57.0
2005_jc2005,0000701668,ゼンノロブロイ,3,2:22.4,Ｋ．デザーモ,57.0
2005_hjf2005,0000759682,テイエムプリキュア,1,1:37.3,熊沢重文,54.0
2005_hjf2005,0000853095,シークレットコード,2,1:37.5,藤田伸二,54.0
2005_hjf2005,0000762056,フサイチパンドラ,3,1:37.6,角田晃一,54.0
2005_afs2005,0000759656,フサイチリシャール,1,1:33.7,福永祐一,55.0
2005_afs2005,0000759900,スーパーホーネット,2,1:33.7,内田博幸,55.0
2005_afs2005,0000853099,ジャリスコライト,3,1:34.0,Ｋ．デザーモ,55.0
2005_daishogai2005,0000732901,テイエムドラゴン,1,4:39.9,白浜雄造,61.0
2005_daishogai2005,0000735646,メルシーエイタイム,2,4:41.4,出津孝一,61.0
2005_daishogai2005,0000729899,メジロベイシンガー,3,4:41.7,山本康志,61.0
2005_arima2005,0000722158,ハーツクライ,1,2:31.9,Ｃ．ルメール,57.0
2005_arima2005,0000742976,ディープインパクト,2,2:32.0,武豊,55.0
2005_arima2005,0000009045,リンカーン,3,2:32.2,横山典弘,57.0
2002_feb2002,0000321138,アグネスデジタル,1,1:35.1,四位洋文,57.0
2002_feb2002,0000327165,トーシンブリザード,2,1:35.3,石崎隆之,57.0
2002_feb2002,0000310498,ノボトゥルー,3,1:35.4,Ｏ．ペリエ,57.0
2002_takamatsu2002,0000325977,ショウナンカンプ,1,1:08.4,藤田伸二,57.0
2002_takamatsu2002,0000308300,アドマイヤコジーン,2,1:09.0,後藤浩輝,57.0
2002_takamatsu2002,0000196973,スティンガー,3,1:09.0,田中勝春,55.0
2002_ouka2002,0000612440,アローキャリー,1,1:34.3,池添謙一,55.0
2002_ouka2002,0000611418,ブルーリッジリバー,2,1:34.5,四位洋文,55.0
2002_ouka2002,0000619836,シャイニンルビー,3,1:34.5,岡部幸雄,55.0
2002_ngj2002,0000721146,セントスティーヴン,1,4:50.9,Ｃ．ソーントン,63.5
2002_ngj2002,0000271682,ゴーカイ,2,4:51.1,横山義行,63.5
2002_ngj2002,0000309167,フサイチゴールド,3,4:52.3,三浦堅治,63.5
2002_haruten2002,0000324971,マンハッタンカフェ,1,3:19.5,蛯名正義,58.0
2002_haruten2002,0000325200,ジャングルポケット,2,3:19.5,武豊,58.0
2002_haruten2002,0000304230,ナリタトップロード,3,3:19.6,渡辺薫彦,58.0
2002_nmc2002,0000619930,テレグノシス,1,1:33.1,勝浦正樹,57.0
2002_nmc2002,0000626086,アグネスソニック,2,1:33.4,横山典弘,57.0
2002_nmc2002,0000611525,タニノギムレット,3,1:33.5,武豊,57.0
2002_oaks2002,0000620324,スマイルトゥモロー,1,2:27.7,吉田豊,55.0
2002_oaks2002,0000620006,チャペルコンサート,2,2:27.9,熊沢重文,55.0
2002_oaks2002,0000611717,ユウキャラット,3,2:28.0,池添謙一,55.0
2002_derby2002,0000611525,タニノギムレット,1,2:26.2,武豊,57.0
2002_derby2002,0000700008,シンボリクリスエス,2,2:26.4,岡部幸雄,57.0
2002_derby2002,0000611564,マチカネアカツキ,3,2:26.4,Ｋ．デザーモ,57.0
2002_yasuda2002,0000308300,アドマイヤコジーン,1,1:33.3,後藤浩輝,58.0
2002_yasuda2002,0000326421,ダンツフレーム,2,1:33.3,池添謙一,58.0
2002_yasuda2002,0000325213,ミレニアムバイオ,3,1:33.5,柴田善臣,58.0
2002_takara2002,0000326421,ダンツフレーム,1,2:12.9,藤田伸二,58.0
2002_takara2002,0000329607,ツルマルボーイ,2,2:12.9,河内洋,58.0
2002_takara2002,0000619817,ローエングリン,3,2:13.1,横山典弘,53.0
2002_sprint2002,0000114020,ビリーヴ,1,1:07.7,武豊,55.0
2002_sprint2002,0000308300,アドマイヤコジーン,2,1:07.8,後藤浩輝,57.0
2002_sprint2002,0000325977,ショウナンカンプ,3,1:07.9,藤田伸二,57.0
2002_shuka2002,0000704208,ファインモーション,1,1:58.1,武豊,55.0
2002_shuka2002,0000611754,サクラヴィクトリア,2,1:58.7,蛯名正義,55.0
2002_shuka2002,0000614799,シアリアスバイオ,3,1:58.7,安藤勝己,55.0
2002_kikka2002,0000617546,ヒシミラクル,1,3:05.9,角田晃一,57.0
2002_kikka2002,0000620355,ファストタテヤマ,2,3:05.9,安田康彦,57.0
2002_kikka2002,0000620315,メガスターダム,3,3:06.0,松永幹夫,57.0
2002_akiten2002,0000700008,シンボリクリスエス,1,1:58.5,岡部幸雄,56.0
2002_akiten2002,0000304230,ナリタトップロード,2,1:58.6,四位洋文,58.0
2002_akiten2002,0000329953,サンライズペガサス,3,1:58.6,柴田善臣,58.0
2002_eliza2002,0000704208,ファインモーション,1,2:13.2,武豊,54.0
2002_eliza2002,0000324989,ダイヤモンドビコー,2,2:13.6,Ｏ．ペリエ,56.0
2002_eliza2002,0000329258,レディパステル,3,2:13.8,蛯名正義,56.0
2002_mile2002,0000307837,トウカイポイント,1,1:32.8,蛯名正義,57.0
2002_mile2002,0000321274,エイシンプレストン,2,1:32.8,福永祐一,57.0
2002_mile2002,0000327360,リキアイタイカン,3,1:32.8,武幸四郎,57.0
2002_jcd2002,0000321231,イーグルカフェ,1,1:52.2,Ｌ．デットーリ,57.0
2002_jcd2002,0000305995,リージェントブラフ,2,1:52.4,吉田豊,57.0
2002_jcd2002,0000620131,アドマイヤドン,3,1:52.4,藤田伸二,55.0
2002_jc2002,0000626942,ファルブラヴ,1,2:12.2,Ｌ．デットーリ,57.0
2002_jc2002,0001105392,サラファン,2,2:12.2,Ｃ．ナカタニ,57.0
2002_jc2002,0000700008,シンボリクリスエス,3,2:12.3,Ｏ．ペリエ,55.0
2002_hjf2002,0000702494,ピースオブワールド,1,1:34.7,福永祐一,54.0
2002_hjf2002,0000700974,ヤマカツリリー,2,1:34.9,安藤勝己,54.0
2002_hjf2002,0000703570,ブランピュール,3,1:34.9,本田優,54.0
2002_afs2002,0000634849,エイシンチャンプ,1,1:33.5,福永祐一,55.0
2002_afs2002,0000702412,サクラプレジデント,2,1:33.5,田中勝春,55.0
2002_afs2002,0000705784,テイエムリキサン,3,1:33.6,池添謙一,55.0
2002_daishogai2002,0000319772,ギルデッドエージ,1,4:51.6,Ｒ．ロケット,63.0
2002_daishogai2002,0000281547,メイショウワカシオ,2,4:53.5,嘉堂信雄,63.0
2002_daishogai2002,0000302291,ダイワデュール,3,4:54.3,田中剛,63.0
2002_arima2002,0000700008,シンボリクリスエス,1,2:32.6,Ｏ．ペリエ,55.0
2002_arima2002,0000321156,タップダンスシチー,2,2:32.7,佐藤哲三,57.0
2002_arima2002,0000325078,コイントス,3,2:33.0,岡部幸雄,57.0
2003_feb2003,0000619768,ゴールドアリュール,1,1:50.9,武豊,56.0
2003_feb2003,0000330360,ビワシンセイキ,2,1:51.0,横山典弘,57.0
2003_feb2003,0000321231,イーグルカフェ,3,1:51.5,Ｍ．デムーロ,57.0
2003_takamatsu2003,0000114020,ビリーヴ,1,1:08.1,安藤勝己,55.0
2003_takamatsu2003,0000617048,サニングデール,2,1:08.3,福永祐一,57.0
2003_takamatsu2003,0000327360,リキアイタイカン,3,1:08.5,武幸四郎,57.0
2003_ouka2003,0000707242,スティルインラブ,1,1:33.9,幸英明,55.0
2003_ouka2003,0000702537,シーイズトウショウ,2,1:34.1,池添謙一,55.0
2003_ouka2003,,アドマイヤグルーヴ,3,1:34.2,武豊,55.0
2003_ngj2003,0000325162,ビッグテースト,1,4:48.9,常石勝義,63.5
2003_ngj2003,0000319772,ギルデッドエージ,2,4:49.1,Ｒ．ロケット,63.5
2003_ngj2003,0000721146,セントスティーヴン,3,4:49.7,Ｂ．スコット,63.5
2003_satsuki2003,0000701577,ネオユニヴァース,1,2:01.2,Ｍ．デムーロ,57.0
2003_satsuki2003,0000702412,サクラプレジデント,2,2:01.2,田中勝春,57.0
2003_satsuki2003,0000634849,エイシンチャンプ,3,2:01.8,福永祐一,57.0
2003_haruten2003,0000617546,ヒシミラクル,1,3:17.0,角田晃一,58.0
2003_haruten2003,0000330636,サンライズジェガー,2,3:17.1,後藤浩輝,58.0
2003_haruten2003,0000330173,ダイタクバートラム,3,3:17.1,武豊,58.0
2003_nmc2003,0000708926,ウインクリューガー,1,1:34.2,武幸四郎,57.0
2003_nmc2003,0000714142,エイシンツルギザン,2,1:34.4,横山典弘,57.0
2003_nmc2003,0000706416,マイネルモルゲン,3,1:34.5,柴田善臣,57.0
2003_oaks2003,0000707242,スティルインラブ,1,2:27.5,幸英明,55.0
2003_oaks2003,0000707795,チューニー,2,2:27.7,後藤浩輝,55.0
2003_oaks2003,0000703582,シンコールビー,3,2:27.9,佐藤哲三,55.0
2003_derby2003,0000701577,ネオユニヴァース,1,2:28.5,Ｍ．デムーロ,57.0
2003_derby2003,,ゼンノロブロイ,2,2:28.6,横山典弘,57.0
2003_derby2003,0000701549,ザッツザプレンティ,3,2:28.7,安藤勝己,57.0
2003_yasuda2003,0000321138,アグネスデジタル,1,1:32.1,四位洋文,58.0
2003_yasuda2003,,アドマイヤマックス,2,1:32.1,武豊,58.0
2003_yasuda2003,0000619817,ローエングリン,3,1:32.2,後藤浩輝,58.0
2003_takara2003,0000617546,ヒシミラクル,1,2:12.0,角田晃一,58.0
2003_takara2003,0000329607,ツルマルボーイ,2,2:12.0,横山典弘,58.0
2003_takara2003,0000321156,タップダンスシチー,3,2:12.2,佐藤哲三,58.0
2003_sprint2003,,デュランダル,1,1:08.0,池添謙一,57.0
2003_sprint2003,0000114020,ビリーヴ,2,1:08.0,安藤勝己,55.0
2003_sprint2003,,アドマイヤマックス,3,1:08.2,武豊,57.0
2003_shuka2003,0000707242,スティルインラブ,1,1:59.1,幸英明,55.0
2003_shuka2003,,アドマイヤグルーヴ,2,1:59.2,武豊,55.0
2003_shuka2003,0000700974,ヤマカツリリー,3,1:59.2,安藤勝己,55.0
2003_kikka2003,0000701549,ザッツザプレンティ,1,3:04.8,安藤勝己,57.0
2003_kikka2003,,リンカーン,2,3:04.9,横山典弘,57.0
2003_kikka2003,0000701577,ネオユニヴァース,3,3:05.0,Ｍ．デムーロ,57.0
2003_akiten2003,0000700008,シンボリクリスエス,1,1:58.0,Ｏ．ペリエ,58.0
2003_akiten2003,0000329607,ツルマルボーイ,2,1:58.2,横山典弘,58.0
2003_akiten2003,0000326910,テンザンセイザ,3,1:58.4,藤田伸二,58.0
2003_eliza2003,,アドマイヤグルーヴ,1,2:11.8,武豊,54.0
2003_eliza2003,0000707242,スティルインラブ,2,2:11.8,幸英明,54.0
2003_eliza2003,0000745102,タイガーテイル,3,2:12.0,Ｔ．ジレ,56.0
2003_mile2003,,デュランダル,1,1:33.3,池添謙一,57.0
2003_mile2003,0000704208,ファインモーション,2,1:33.4,武豊,55.0
2003_mile2003,0000211044,ギャラントアロー,3,1:33.6,幸英明,56.0
2003_jcd2003,0000750654,フリートストリートダンサー,1,2:09.2,Ｊ．コート,57.0
2003_jcd2003,0000620131,アドマイヤドン,2,2:09.2,安藤勝己,57.0
2003_jcd2003,0000302590,ハギノハイグレイド,3,2:10.0,福永祐一,57.0
2003_jc2003,0000321156,タップダンスシチー,1,2:28.7,佐藤哲三,57.0
2003_jc2003,0000701549,ザッツザプレンティ,2,2:30.2,安藤勝己,55.0
2003_jc2003,0000700008,シンボリクリスエス,3,2:30.3,Ｏ．ペリエ,57.0
2003_hjf2003,0000730112,ヤマニンシュクル,1,1:35.9,四位洋文,54.0
2003_hjf2003,0000730117,ヤマニンアルシオン,2,1:35.9,岩田康誠,54.0
2003_hjf2003,0000724433,コンコルディア,3,1:36.0,柴田善臣,54.0
2003_afs2003,0000730985,コスモサンビーム,1,1:33.7,Ｄ．バルジュー,55.0
2003_afs2003,,メイショウボーラー,2,1:33.7,Ｏ．ペリエ,55.0
2003_afs2003,0000766346,アポインテッドデイ,3,1:33.8,柴田善臣,55.0
2003_arima2003,0000700008,シンボリクリスエス,1,2:30.5,Ｏ．ペリエ,57.0
2003_arima2003,,リンカーン,2,2:32.0,武豊,55.0
2003_arima2003,,ゼンノロブロイ,3,2:32.1,柴田善臣,55.0
2004_race_1,0000316584,ブランディス,1,4:40.9,大江原隆,63.0
2004_race_1,0000319149,ウインマーベラス,2,4:41.3,白浜雄造,63.0
2004_race_1,0000078121,メジロライデン,3,4:41.6,嘉堂信雄,63.0
2004_feb2004,0000620131,アドマイヤドン,1,1:36.8,安藤勝己,57.0
2004_feb2004,0000701785,サイレントディール,2,1:36.9,Ｏ．ペリエ,57.0
2004_feb2004,0000319426,スターリングローズ,3,1:36.9,福永祐一,57.0
2004_takamatsu2004,0000617048,サニングデール,1,1:07.9,福永祐一,57.0
2004_takamatsu2004,,デュランダル,2,1:07.9,池添謙一,57.0
2004_takamatsu2004,,キーンランドスワン,3,1:08.1,四位洋文,57.0
2004_ouka2004,,ダンスインザムード,1,1:33.6,武豊,55.0
2004_ouka2004,0000723210,アズマサンダース,2,1:33.9,蛯名正義,55.0
2004_ouka2004,0000730112,ヤマニンシュクル,3,1:34.3,四位洋文,55.0
2004_ngj2004,0000316584,ブランディス,1,4:47.0,大江原隆,63.5
2004_ngj2004,0000618105,メルシータカオー,2,4:47.9,出津孝一,63.5
2004_ngj2004,0000324871,メジロオーモンド,3,4:50.4,林満明,63.5
2004_satsuki2004,,ダイワメジャー,1,1:58.6,Ｍ．デムーロ,57.0
2004_satsuki2004,0000722619,コスモバルク,2,1:58.8,五十嵐冬樹,57.0
2004_satsuki2004,,メイショウボーラー,3,1:59.1,福永祐一,57.0
2004_haruten2004,0000619928,イングランディーレ,1,3:18.4,横山典弘,58.0
2004_haruten2004,,ゼンノロブロイ,2,3:19.5,Ｄ．オリヴァー,58.0
2004_haruten2004,0000616546,シルクフェイマス,3,3:19.8,四位洋文,58.0
2004_nmc2004,0000729458,キングカメハメハ,1,1:32.5,安藤勝己,57.0
2004_nmc2004,0000730985,コスモサンビーム,2,1:33.3,四位洋文,57.0
2004_nmc2004,,メイショウボーラー,3,1:33.6,福永祐一,57.0
2004_oaks2004,0000731030,ダイワエルシエーロ,1,2:27.2,福永祐一,55.0
2004_oaks2004,,スイープトウショウ,2,2:27.3,池添謙一,55.0
2004_oaks2004,0000730126,ヤマニンアラバスタ,3,2:27.8,江田照男,55.0
2004_derby2004,0000729458,キングカメハメハ,1,2:23.3,安藤勝己,57.0
2004_derby2004,,ハーツクライ,2,2:23.5,横山典弘,57.0
2004_derby2004,0000728098,ハイアーゲーム,3,2:23.8,蛯名正義,57.0
2004_yasuda2004,0000329607,ツルマルボーイ,1,1:32.6,安藤勝己,58.0
2004_yasuda2004,0000619930,テレグノシス,2,1:32.6,勝浦正樹,58.0
2004_yasuda2004,0000618798,バランスオブゲーム,3,1:32.8,田中勝春,58.0
2004_takara2004,0000321156,タップダンスシチー,1,2:11.1,佐藤哲三,58.0
2004_takara2004,0000616546,シルクフェイマス,2,2:11.4,四位洋文,58.0
2004_takara2004,,リンカーン,3,2:11.5,武豊,58.0
2004_sprint2004,0000326684,カルストンライトオ,1,1:09.9,大西直宏,57.0
2004_sprint2004,,デュランダル,2,1:10.6,池添謙一,57.0
2004_sprint2004,0000876894,ケープオブグッドホープ,3,1:10.6,Ｂ．プレブル,57.0
2004_shuka2004,,スイープトウショウ,1,1:58.4,池添謙一,55.0
2004_shuka2004,0000730112,ヤマニンシュクル,2,1:58.5,四位洋文,55.0
2004_shuka2004,0000722892,ウイングレット,3,1:59.3,田中勝春,55.0
2004_kikka2004,0000726656,デルタブルース,1,3:05.7,岩田康誠,57.0
2004_kikka2004,0000728571,ホオキパウェーブ,2,3:05.9,横山典弘,57.0
2004_kikka2004,0000725030,オペラシチー,3,3:06.0,佐藤哲三,57.0
2004_akiten2004,,ゼンノロブロイ,1,1:58.9,Ｏ．ペリエ,58.0
2004_akiten2004,,ダンスインザムード,2,1:59.1,Ｃ．ルメール,54.0
2004_akiten2004,,アドマイヤグルーヴ,3,1:59.3,武豊,56.0
2004_eliza2004,,アドマイヤグルーヴ,1,2:13.6,武豊,56.0
2004_eliza2004,,オースミハルカ,2,2:13.7,川島信二,56.0
2004_eliza2004,0000614409,エルノヴァ,3,2:13.9,Ｏ．ペリエ,56.0
2004_mile2004,,デュランダル,1,1:33.0,池添謙一,57.0
2004_mile2004,,ダンスインザムード,2,1:33.3,Ｃ．ルメール,54.0
2004_mile2004,0000619930,テレグノシス,3,1:33.5,横山典弘,57.0
2004_jcd2004,0000325098,タイムパラドックス,1,2:08.7,武豊,57.0
2004_jcd2004,0000620131,アドマイヤドン,2,2:09.1,安藤勝己,57.0
2004_jcd2004,0000769507,ジンクライシス,3,2:09.3,蛯名正義,55.0
2004_jc2004,,ゼンノロブロイ,1,2:24.2,Ｏ．ペリエ,57.0
2004_jc2004,0000722619,コスモバルク,2,2:24.7,Ｃ．ルメール,55.0
2004_jc2004,0000726656,デルタブルース,3,2:24.8,安藤勝己,55.0
2004_hjf2004,0000742742,ショウナンパントル,1,1:35.2,吉田豊,54.0
2004_hjf2004,0000743081,アンブロワーズ,2,1:35.2,Ｄ．ホワイト,54.0
2004_hjf2004,,ラインクラフト,3,1:35.2,福永祐一,54.0
2004_afs2004,0000734530,マイネルレコルト,1,1:33.4,後藤浩輝,55.0
2004_afs2004,0000742975,ストーミーカフェ,2,1:33.7,四位洋文,55.0
2004_afs2004,0000181320,ペールギュント,3,1:33.8,小牧太,55.0
2004_race_23,0000618105,メルシータカオー,1,4:37.6,出津孝一,63.0
2004_race_23,0000324871,メジロオーモンド,2,4:38.6,林満明,63.0
2004_race_23,0000612169,マイネルオーパー,3,4:38.6,宗像徹,63.0
2004_arima2004,,ゼンノロブロイ,1,2:29.5,Ｏ．ペリエ,57.0
2004_arima2004,0000321156,タップダンスシチー,2,2:29.6,佐藤哲三,57.0
2004_arima2004,0000616546,シルクフェイマス,3,2:29.8,四位洋文,57.0
2006_feb2006,,カネヒキリ,1,1:34.9,武豊,57.0
2006_feb2006,,シーキングザダイヤ,2,1:35.4,Ｏ．ペリエ,57.0
2006_feb2006,0000458416,ユートピア,3,1:35.4,安藤勝己,57.0
2006_takamatsu2006,0000701701,オレハマッテルゼ,1,1:08.0,柴田善臣,57.0
2006_takamatsu2006,,ラインクラフト,2,1:08.0,福永祐一,55.0
2006_takamatsu2006,0000702537,シーイズトウショウ,3,1:08.3,池添謙一,55.0
2006_ouka2006,0000752219,キストゥヘヴン,1,1:34.6,安藤勝己,55.0
2006_ouka2006,0000756830,アドマイヤキッス,2,1:34.7,武豊,55.0
2006_ouka2006,0000760208,コイウタ,3,1:34.7,横山典弘,55.0
2006_ngj2006,,カラジ,1,4:50.8,Ｂ．スコット,63.5
2006_ngj2006,,テイエムドラゴン,2,4:50.8,白浜雄造,62.0
2006_ngj2006,0000701426,テレジェニック,3,4:51.9,金子光希,63.5
2006_satsuki2006,0000760084,メイショウサムソン,1,1:59.9,石橋守,57.0
2006_satsuki2006,0000760868,ドリームパスポート,2,2:00.0,高田潤,57.0
2006_satsuki2006,0000762016,フサイチジャンク,3,2:00.3,岩田康誠,57.0
2006_haruten2006,,ディープインパクト,1,3:13.4,武豊,58.0
2006_haruten2006,,リンカーン,2,3:14.0,横山典弘,58.0
2006_haruten2006,0000729700,ストラタジェム,3,3:14.8,Ｇ．ボス,58.0
2006_nmc2006,0000753285,ロジック,1,1:33.2,武豊,57.0
2006_nmc2006,0000760700,ファイングレイン,2,1:33.2,横山典弘,57.0
2006_nmc2006,0000901749,キンシャサノキセキ,3,1:33.4,安藤勝己,55.0
2006_victoria2006,,ダンスインザムード,1,1:34.0,北村宏司,55.0
2006_victoria2006,,エアメサイア,2,1:34.2,武豊,55.0
2006_victoria2006,,ディアデラノビア,3,1:34.4,岩田康誠,55.0
2006_oaks2006,0000759762,カワカミプリンセス,1,2:26.2,本田優,55.0
2006_oaks2006,,フサイチパンドラ,2,2:26.3,福永祐一,55.0
2006_oaks2006,0000027810,アサヒライジング,3,2:26.4,柴田善臣,55.0
2006_derby2006,0000760084,メイショウサムソン,1,2:27.9,石橋守,57.0
2006_derby2006,0000757705,アドマイヤメイン,2,2:28.0,柴田善臣,57.0
2006_derby2006,0000760868,ドリームパスポート,3,2:28.3,四位洋文,57.0
2006_yasuda2006,0000899772,ブリッシュラック,1,1:32.6,Ｂ．プレブル,58.0
2006_yasuda2006,,アサクサデンエン,2,1:33.0,藤田伸二,58.0
2006_yasuda2006,0000999210,ジョイフルウィナー,3,1:33.0,Ｄ．ビードマン,58.0
2006_takara2006,,ディープインパクト,1,2:13.0,武豊,58.0
2006_takara2006,0000620128,ナリタセンチュリー,2,2:13.7,田島裕和,58.0
2006_takara2006,0000618798,バランスオブゲーム,3,2:13.8,田中勝春,58.0
2006_sprint2006,0001003685,テイクオーバーターゲット,1,Ｊ．フォード,,57.0
2006_sprint2006,,メイショウボーラー,2,福永祐一,,57.0
2006_sprint2006,0000753548,タガノバスティーユ,3,勝浦正樹,,55.0
2006_shuka2006,0000759762,カワカミプリンセス,1,本田優,,55.0
2006_shuka2006,0000027810,アサヒライジング,2,柴田善臣,,55.0
2006_shuka2006,,フサイチパンドラ,3,福永祐一,,55.0
2006_kikka2006,0000760831,ソングオブウインド,1,武幸四郎,,57.0
2006_kikka2006,0000760868,ドリームパスポート,2,横山典弘,,57.0
2006_kikka2006,0000757705,アドマイヤメイン,3,武豊,,57.0
2006_akiten2006,,ダイワメジャー,1,安藤勝己,,58.0
2006_akiten2006,0000728935,スウィフトカレント,2,横山典弘,,58.0
2006_akiten2006,0000760877,アドマイヤムーン,3,武豊,,56.0
2006_eliza2006,,フサイチパンドラ,1,福永祐一,,54.0
2006_eliza2006,,スイープトウショウ,2,池添謙一,,56.0
2006_eliza2006,,ディアデラノビア,3,岩田康誠,,56.0
2006_mile2006,,ダイワメジャー,1,安藤勝己,,57.0
2006_mile2006,,ダンスインザムード,2,武豊,,55.0
2006_mile2006,0000851919,シンボリグラン,3,柴山雄一,,57.0
2006_jcd2006,0000762374,アロンダイト,1,後藤浩輝,,55.0
2006_jcd2006,,シーキングザダイヤ,2,武豊,,57.0
2006_jcd2006,0000734631,フィールドルージュ,3,吉田豊,,57.0
2006_jc2006,,ディープインパクト,1,武豊,,57.0
2006_jc2006,0000760868,ドリームパスポート,2,岩田康誠,,55.0
2006_jc2006,0000861710,ウィジャボード,3,Ｌ．デットーリ,,55.0
2006_hjf2006,0000265881,ウオッカ,1,四位洋文,,54.0
2006_hjf2006,0000801522,アストンマーチャン,2,武豊,,54.0
2006_hjf2006,0000799898,ルミナスハーバー,3,小牧太,,54.0
2006_afs2006,0000804714,ドリームジャーニー,1,蛯名正義,,55.0
2006_afs2006,0000805347,ローレルゲレイロ,2,本田優,,55.0
2006_afs2006,0000803095,オースミダイドウ,3,Ｏ．ペリエ,,55.0
2006_daishogai2006,0000750268,マルカラスカル,1,西谷誠,,63.0
2006_daishogai2006,,メルシーエイタイム,2,小坂忠士,,63.0
2006_daishogai2006,0000733991,アグネスハット,3,田中剛,,63.0
2006_arima2006,,ディープインパクト,1,武豊,,57.0
2006_arima2006,0000729003,ポップロック,2,Ｏ．ペリエ,,57.0
2006_arima2006,,ダイワメジャー,3,安藤勝己,,57.0
2007_feb2007,0000739053,サンライズバッカス,1,安藤勝己,,57.0
2007_feb2007,0000257305,ブルーコンコルド,2,幸英明,,57.0
2007_feb2007,0000726973,ビッググラス,3,村田一誠,,57.0
2007_takamatsu2007,0000739144,スズカフェニックス,1,武豊,,57.0
2007_takamatsu2007,0000181320,ペールギュント,2,上村洋行,,57.0
2007_takamatsu2007,0000619986,プリサイスマシーン,3,安藤勝己,,57.0
2007_ouka2007,0000798369,ダイワスカーレット,1,安藤勝己,,55.0
2007_ouka2007,0000265881,ウオッカ,2,四位洋文,,55.0
2007_ouka2007,0000803447,カタマチボタン,3,藤田伸二,,55.0
2007_ngj2007,,カラジ,1,Ｂ．スコット,,63.5
2007_ngj2007,0000761572,リワードプレザン,2,五十嵐雄祐,,62.0
2007_ngj2007,,メルシーエイタイム,3,小坂忠士,,63.5
2007_satsuki2007,0000802286,ヴィクトリー,1,田中勝春,,57.0
2007_satsuki2007,0000807639,サンツェッペリン,2,松岡正海,,57.0
2007_satsuki2007,0000803089,フサイチホウオー,3,安藤勝己,,57.0
2007_haruten2007,0000760084,メイショウサムソン,1,石橋守,,58.0
2007_haruten2007,0000761150,エリモエクスパイア,2,福永祐一,,58.0
2007_haruten2007,0000734588,トウカイトリック,3,池添謙一,,58.0
2007_victoria2007,0000760208,コイウタ,1,松岡正海,,55.0
2007_victoria2007,0000027810,アサヒライジング,2,柴田善臣,,55.0
2007_victoria2007,,デアリングハート,3,藤田伸二,,55.0
2007_oaks2007,0000212638,ローブデコルテ,1,福永祐一,,55.0
2007_oaks2007,0000806564,ベッラレイア,2,秋山真一郎,,55.0
2007_oaks2007,0000806809,ラブカーナ,3,菊沢隆徳,,55.0
2007_derby2007,0000265881,ウオッカ,1,四位洋文,,55.0
2007_derby2007,0000804024,アサクサキングス,2,福永祐一,,57.0
2007_derby2007,0000801496,アドマイヤオーラ,3,岩田康誠,,57.0
2007_yasuda2007,,ダイワメジャー,1,安藤勝己,,58.0
2007_yasuda2007,0000852736,コンゴウリキシオー,2,藤田伸二,,58.0
2007_yasuda2007,0000727985,ジョリーダンス,3,秋山真一郎,,56.0
2007_takara2007,0000760877,アドマイヤムーン,1,岩田康誠,,58.0
2007_takara2007,0000760084,メイショウサムソン,2,石橋守,,58.0
2007_takara2007,0000729003,ポップロック,3,武豊,,58.0
2007_sprint2007,0000801522,アストンマーチャン,1,中舘英二,,53.0
2007_sprint2007,0000738062,サンアディユ,2,川田将雅,,55.0
2007_sprint2007,,アイルラヴァゲイン,3,松岡正海,,57.0
2007_shuka2007,0000798369,ダイワスカーレット,1,安藤勝己,,55.0
2007_shuka2007,0000166486,レインダンス,2,武幸四郎,,55.0
2007_shuka2007,0000265881,ウオッカ,3,四位洋文,,55.0
2007_kikka2007,0000804024,アサクサキングス,1,四位洋文,,57.0
2007_kikka2007,0000806511,アルナスライン,2,和田竜二,,57.0
2007_kikka2007,0001003705,ロックドゥカンブ,3,柴山雄一,,55.0
2007_akiten2007,0000760084,メイショウサムソン,1,武豊,,58.0
2007_akiten2007,0000754953,アグネスアーク,2,吉田隼人,,58.0
2007_akiten2007,0000143601,カンパニー,3,福永祐一,,58.0
2007_eliza2007,0000798369,ダイワスカーレット,1,安藤勝己,,54.0
2007_eliza2007,,フサイチパンドラ,2,Ｃ．ルメール,,56.0
2007_eliza2007,,スイープトウショウ,3,池添謙一,,56.0
2007_mile2007,,ダイワメジャー,1,安藤勝己,,57.0
2007_mile2007,,スーパーホーネット,2,藤岡佑介,,57.0
2007_mile2007,0000739144,スズカフェニックス,3,武豊,,57.0
2007_jcd2007,0000742999,ヴァーミリアン,1,武豊,,57.0
2007_jcd2007,0000734631,フィールドルージュ,2,横山典弘,,57.0
2007_jcd2007,0000739053,サンライズバッカス,3,安藤勝己,,57.0
2007_jc2007,0000760877,アドマイヤムーン,1,岩田康誠,,57.0
2007_jc2007,0000729003,ポップロック,2,Ｏ．ペリエ,,57.0
2007_jc2007,0000760084,メイショウサムソン,3,武豊,,57.0
2007_hjf2007,0000885974,トールポピー,1,池添謙一,,54.0
2007_hjf2007,0000890944,レーヴダムール,2,藤岡佑介,,54.0
2007_hjf2007,0000884804,エイムアットビップ,3,福永祐一,,54.0
2007_afs2007,0001052215,ゴスホークケン,1,勝浦正樹,,55.0
2007_afs2007,0000884491,レッツゴーキリシマ,2,幸英明,,55.0
2007_afs2007,0000887465,キャプテントゥーレ,3,川田将雅,,55.0
2007_daishogai2007,,メルシーエイタイム,1,横山義行,,63.0
2007_daishogai2007,0000736606,キングジョイ,2,高田潤,,63.0
2007_daishogai2007,0000750268,マルカラスカル,3,西谷誠,,63.0
2007_arima2007,0000762445,マツリダゴッホ,1,蛯名正義,,57.0
2007_arima2007,0000798369,ダイワスカーレット,2,安藤勝己,,53.0
2007_arima2007,,ダイワメジャー,3,Ｍ．デムーロ,,57.0
2008_feb2008,0000742999,ヴァーミリアン,1,武豊,,57.0
2008_feb2008,0000257305,ブルーコンコルド,2,幸英明,,57.0
2008_feb2008,0000735500,ワイルドワンダー,3,岩田康誠,,57.0
2008_takamatsu2008,0000760700,ファイングレイン,1,幸英明,,57.0
2008_takamatsu2008,0000901749,キンシャサノキセキ,2,岩田康誠,,57.0
2008_takamatsu2008,0000739144,スズカフェニックス,3,福永祐一,,57.0
2008_ouka2008,0000887443,レジネッタ,1,小牧太,,55.0
2008_ouka2008,0000888318,エフティマイア,2,蛯名正義,,55.0
2008_ouka2008,0000890077,ソーマジック,3,後藤浩輝,,55.0
2008_ngj2008,0000750268,マルカラスカル,1,西谷誠,,63.5
2008_ngj2008,,メルシーエイタイム,2,横山義行,,63.5
2008_ngj2008,0000208069,テイエムエース,3,菊地昇吾,,63.5
2008_satsuki2008,0000887465,キャプテントゥーレ,1,川田将雅,,57.0
2008_satsuki2008,0000881081,タケミカヅチ,2,柴田善臣,,57.0
2008_satsuki2008,0000886135,マイネルチャールズ,3,松岡正海,,57.0
2008_haruten2008,0000758596,アドマイヤジュピタ,1,岩田康誠,,58.0
2008_haruten2008,0000760084,メイショウサムソン,2,武豊,,58.0
2008_haruten2008,0000804024,アサクサキングス,3,四位洋文,,58.0
2008_nmc2008,0000891931,ディープスカイ,1,四位洋文,,57.0
2008_nmc2008,0000888397,ブラックシェル,2,後藤浩輝,,57.0
2008_nmc2008,0001052225,ダノンゴーゴー,3,藤岡佑介,,57.0
2008_victoria2008,0000804295,エイジアンウインズ,1,藤田伸二,,55.0
2008_victoria2008,0000265881,ウオッカ,2,武豊,,55.0
2008_victoria2008,0000761615,ブルーメンブラット,3,後藤浩輝,,55.0
2008_oaks2008,0000885974,トールポピー,1,池添謙一,,55.0
2008_oaks2008,0000888318,エフティマイア,2,蛯名正義,,55.0
2008_oaks2008,0000887443,レジネッタ,3,小牧太,,55.0
2008_derby2008,0000891931,ディープスカイ,1,四位洋文,,57.0
2008_derby2008,0000888175,スマイルジャック,2,小牧太,,57.0
2008_derby2008,0000888397,ブラックシェル,3,武豊,,57.0
2008_yasuda2008,0000265881,ウオッカ,1,岩田康誠,,56.0
2008_yasuda2008,0000210061,アルマダ,2,Ｄ．ホワイト,,58.0
2008_yasuda2008,0000858067,エイシンドーバー,3,福永祐一,,58.0
2008_takara2008,0000732785,エイシンデピュティ,1,内田博幸,,58.0
2008_takara2008,0000760084,メイショウサムソン,2,武豊,,58.0
2008_takara2008,,インティライミ,3,佐藤哲三,,58.0
2008_sprint2008,0000806562,スリープレスナイト,1,上村洋行,,55.0
2008_sprint2008,0000901749,キンシャサノキセキ,2,岩田康誠,,57.0
2008_sprint2008,0000806735,ビービーガルダン,3,安藤勝己,,57.0
2008_shuka2008,0000886892,ブラックエンブレム,1,岩田康誠,,55.0
2008_shuka2008,0000889913,ムードインディゴ,2,福永祐一,,55.0
2008_shuka2008,0000886847,プロヴィナージュ,3,佐藤哲三,,55.0
2008_kikka2008,0000890061,オウケンブルースリ,1,内田博幸,,57.0
2008_kikka2008,0000883241,フローテーション,2,藤岡佑介,,57.0
2008_kikka2008,0000881701,ナムラクレセント,3,和田竜二,,57.0
2008_akiten2008,0000265881,ウオッカ,1,武豊,,56.0
2008_akiten2008,0000798369,ダイワスカーレット,2,安藤勝己,,56.0
2008_akiten2008,0000891931,ディープスカイ,3,四位洋文,,56.0
2008_eliza2008,0000885516,リトルアマポーラ,1,Ｃ．ルメール,,54.0
2008_eliza2008,0000759762,カワカミプリンセス,2,横山典弘,,56.0
2008_eliza2008,0000806564,ベッラレイア,3,秋山真一郎,,56.0
2008_mile2008,0000761615,ブルーメンブラット,1,吉田豊,,55.0
2008_mile2008,,スーパーホーネット,2,藤岡佑介,,57.0
2008_mile2008,0000760700,ファイングレイン,3,幸英明,,57.0
2008_jc2008,0000801447,スクリーンヒーロー,1,Ｍ．デムーロ,,57.0
2008_jc2008,0000891931,ディープスカイ,2,四位洋文,,55.0
2008_jc2008,0000265881,ウオッカ,3,岩田康誠,,55.0
2008_jcd2008,,カネヒキリ,1,Ｃ．ルメール,,57.0
2008_jcd2008,0000737083,メイショウトウコン,2,藤田伸二,,57.0
2008_jcd2008,0000742999,ヴァーミリアン,3,岩田康誠,,57.0
2008_hjf2008,0000989286,ブエナビスタ,1,安藤勝己,,54.0
2008_hjf2008,0000994232,ダノンベルベール,2,後藤浩輝,,54.0
2008_hjf2008,0000185330,ミクロコスモス,3,鮫島良太,,54.0
2008_afs2008,0000992914,セイウンワンダー,1,岩田康誠,,55.0
2008_afs2008,0000997097,フィフスペトル,2,Ｃ．ルメール,,55.0
2008_afs2008,0001050392,ブレイクランアウト,3,武豊,,55.0
2008_daishogai2008,0000736606,キングジョイ,1,高田潤,,63.0
2008_daishogai2008,,メルシーエイタイム,2,横山義行,,63.0
2008_daishogai2008,0000758405,テイエムトッパズレ,3,佐久間寛志,,63.0
2008_arima2008,0000798369,ダイワスカーレット,1,安藤勝己,,55.0
2008_arima2008,0000725711,アドマイヤモナーク,2,川田将雅,,57.0
2008_arima2008,0000722900,エアシェイディ,3,後藤浩輝,,57.0
2009_feb2009,0000890568,サクセスブロッケン,1,内田博幸,,57.0
2009_feb2009,0001040066,カジノドライヴ,2,安藤勝己,,57.0
2009_feb2009,,カネヒキリ,3,Ｃ．ルメール,,57.0
2009_takamatsu2009,0000805347,ローレルゲレイロ,1,藤田伸二,,57.0
2009_takamatsu2009,0000806562,スリープレスナイト,2,上村洋行,,55.0
2009_takamatsu2009,0000742722,ソルジャーズソング,3,北村友一,,57.0
2009_ouka2009,0000989286,ブエナビスタ,1,安藤勝己,,55.0
2009_ouka2009,0000627834,レッドディザイア,2,四位洋文,,55.0
2009_ouka2009,0000996794,ジェルミナル,3,福永祐一,,55.0
2009_ngj2009,0000700307,スプリングゲント,1,白浜雄造,,63.5
2009_ngj2009,0000736606,キングジョイ,2,高田潤,,63.5
2009_ngj2009,0000807809,オープンガーデン,3,江田勇亮,,63.5
2009_satsuki2009,0000993502,アンライバルド,1,岩田康誠,,57.0
2009_satsuki2009,0000989915,トライアンフマーチ,2,武幸四郎,,57.0
2009_satsuki2009,0000992914,セイウンワンダー,3,内田博幸,,57.0
2009_haruten2009,0000756733,マイネルキッツ,1,松岡正海,,58.0
2009_haruten2009,0000806511,アルナスライン,2,蛯名正義,,58.0
2009_haruten2009,0000804714,ドリームジャーニー,3,池添謙一,,58.0
2009_nmc2009,0000995651,ジョーカプチーノ,1,藤岡康太,,57.0
2009_nmc2009,0000996958,レッドスパーダ,2,横山典弘,,57.0
2009_nmc2009,0000989837,グランプリエンゼル,3,内田博幸,,55.0
2009_victoria2009,0000265881,ウオッカ,1,武豊,,55.0
2009_victoria2009,0000888882,ブラボーデイジー,2,生野賢一,,55.0
2009_victoria2009,0000757454,ショウナンラノビア,3,柴田善臣,,55.0
2009_oaks2009,0000989286,ブエナビスタ,1,安藤勝己,,55.0
2009_oaks2009,0000627834,レッドディザイア,2,四位洋文,,55.0
2009_oaks2009,0000996794,ジェルミナル,3,福永祐一,,55.0
2009_derby2009,0000996482,ロジユニヴァース,1,横山典弘,,57.0
2009_derby2009,0000991842,リーチザクラウン,2,武豊,,57.0
2009_derby2009,0000996215,アントニオバローズ,3,角田晃一,,57.0
2009_yasuda2009,0000265881,ウオッカ,1,武豊,,56.0
2009_yasuda2009,0000891931,ディープスカイ,2,四位洋文,,58.0
2009_yasuda2009,0001040074,ファリダット,3,安藤勝己,,58.0
2009_takara2009,0000804714,ドリームジャーニー,1,池添謙一,,58.0
2009_takara2009,0000761087,サクラメガワンダー,2,福永祐一,,58.0
2009_takara2009,0000891931,ディープスカイ,3,四位洋文,,58.0
2009_sprint2009,0000805347,ローレルゲレイロ,1,藤田伸二,,57.0
2009_sprint2009,0000806735,ビービーガルダン,2,安藤勝己,,57.0
2009_sprint2009,0000806716,カノヤザクラ,3,小牧太,,55.0
2009_shuka2009,0000627834,レッドディザイア,1,四位洋文,,55.0
2009_shuka2009,0000994169,ブロードストリート,2,藤田伸二,,55.0
2009_shuka2009,0000989286,ブエナビスタ,3,安藤勝己,,55.0
2009_kikka2009,0000991715,スリーロールス,1,浜中俊,,57.0
2009_kikka2009,0000989247,フォゲッタブル,2,吉田隼人,,57.0
2009_kikka2009,0000992914,セイウンワンダー,3,福永祐一,,57.0
2009_akiten2009,0000143601,カンパニー,1,横山典弘,,58.0
2009_akiten2009,0000801447,スクリーンヒーロー,2,北村宏司,,58.0
2009_akiten2009,0000265881,ウオッカ,3,武豊,,56.0
2009_eliza2009,0000800736,クィーンスプマンテ,1,田中博康,,56.0
2009_eliza2009,,テイエムプリキュア,2,熊沢重文,,56.0
2009_eliza2009,0000989286,ブエナビスタ,3,安藤勝己,,54.0
2009_mile2009,0000143601,カンパニー,1,横山典弘,,57.0
2009_mile2009,0000882317,マイネルファルケ,2,和田竜二,,57.0
2009_mile2009,0001113554,サプレザ,3,Ｏ．ペリエ,,55.0
2009_jc2009,0000265881,ウオッカ,1,Ｃ．ルメール,,55.0
2009_jc2009,0000890061,オウケンブルースリ,2,内田博幸,,57.0
2009_jc2009,0000627834,レッドディザイア,3,四位洋文,,53.0
2009_jcd2009,0000888832,エスポワールシチー,1,佐藤哲三,,57.0
2009_jcd2009,0000991364,シルクメビウス,2,田中博康,,56.0
2009_jcd2009,0000991264,ゴールデンチケット,3,Ｃ．ルメール,,56.0
2009_afs2009,0001045066,ローズキングダム,1,小牧太,,55.0
2009_afs2009,0001100475,エイシンアポロン,2,池添謙一,,55.0
2009_afs2009,0001047941,ダイワバーバリアン,3,蛯名正義,,55.0
2009_daishogai2009,0000736606,キングジョイ,1,西谷誠,,63.0
2009_daishogai2009,,メルシーエイタイム,2,横山義行,,63.0
2009_daishogai2009,0000807809,オープンガーデン,3,江田勇亮,,63.0
2009_arima2009,0000804714,ドリームジャーニー,1,池添謙一,,57.0
2009_arima2009,0000989286,ブエナビスタ,2,横山典弘,,53.0
2009_arima2009,0000722900,エアシェイディ,3,後藤浩輝,,57.0
2010_feb2010,0000888832,エスポワールシチー,1,佐藤哲三,,57.0
2010_feb2010,0001098963,テスタマッタ,2,岩田康誠,,57.0
2010_feb2010,0000890568,サクセスブロッケン,3,内田博幸,,57.0
2010_takamatsu2010,0000901749,キンシャサノキセキ,1,四位洋文,,57.0
2010_takamatsu2010,0000806735,ビービーガルダン,2,安藤勝己,,57.0
2010_takamatsu2010,0001051916,エーシンフォワード,3,岩田康誠,,57.0
2010_ouka2010,0001049318,アパパネ,1,蛯名正義,,55.0
2010_ouka2010,0001042437,オウケンサクラ,2,安藤勝己,,55.0
2010_ouka2010,0001041444,エーシンリターンズ,3,福永祐一,,55.0
2010_ngj2010,0000884471,メルシーモンサン,1,高野容輔,,63.5
2010_ngj2010,0000807809,オープンガーデン,2,江田勇亮,,63.5
2010_ngj2010,0000798085,トーワベガ,3,北沢伸也,,63.5
2010_satsuki2010,0001046333,ヴィクトワールピサ,1,岩田康誠,,57.0
2010_satsuki2010,0001045360,ヒルノダムール,2,藤田伸二,,57.0
2010_satsuki2010,0001052586,エイシンフラッシュ,3,内田博幸,,57.0
2010_haruten2010,0000800790,ジャガーメイル,1,Ｃ．ウィリアムズ,,58.0
2010_haruten2010,0000756733,マイネルキッツ,2,松岡正海,,58.0
2010_haruten2010,0000995384,メイショウドンタク,3,武幸四郎,,58.0
2010_nmc2010,0001050184,ダノンシャンティ,1,安藤勝己,,57.0
2010_nmc2010,0001047941,ダイワバーバリアン,2,蛯名正義,,57.0
2010_nmc2010,0001046493,リルダヴァル,3,福永祐一,,57.0
2010_victoria2010,0000989286,ブエナビスタ,1,横山典弘,,55.0
2010_victoria2010,0000993329,ヒカルアマランサス,2,内田博幸,,55.0
2010_victoria2010,0000806941,ニシノブルームーン,3,北村宏司,,55.0
2010_oaks2010,0001049318,アパパネ,1,蛯名正義,,55.0
2010_oaks2010,0001043796,アグネスワルツ,3,柴田善臣,,55.0
2010_derby2010,0001052586,エイシンフラッシュ,1,内田博幸,,57.0
2010_derby2010,0001045066,ローズキングダム,2,後藤浩輝,,57.0
2010_derby2010,0001046333,ヴィクトワールピサ,3,岩田康誠,,57.0
2010_yasuda2010,0000799220,ショウワモダン,1,後藤浩輝,,58.0
2010_yasuda2010,,スーパーホーネット,2,藤岡佑介,,58.0
2010_yasuda2010,0000888175,スマイルジャック,3,三浦皇成,,58.0
2010_takara2010,0000992448,ナカヤマフェスタ,1,柴田善臣,,58.0
2010_takara2010,0000989286,ブエナビスタ,2,横山典弘,,56.0
2010_takara2010,0000885246,アーネストリー,3,佐藤哲三,,58.0
2010_sprint2010,0001129422,ウルトラファンタジー,1,Ｈ．ライ,,57.0
2010_sprint2010,0000901749,キンシャサノキセキ,2,四位洋文,,57.0
2010_sprint2010,0000991888,サンカルロ,3,吉田豊,,57.0
2010_shuka2010,0001049318,アパパネ,1,蛯名正義,,55.0
2010_shuka2010,0001049652,アニメイトバイオ,2,後藤浩輝,,55.0
2010_shuka2010,0001048811,アプリコットフィズ,3,武豊,,55.0
2010_kikka2010,0001045293,ビッグウィーク,1,川田将雅,,57.0
2010_kikka2010,0001045066,ローズキングダム,2,武豊,,57.0
2010_kikka2010,0001043385,ビートブラック,3,幸英明,,57.0
2010_akiten2010,0000989286,ブエナビスタ,1,Ｃ．スミヨン,,56.0
2010_akiten2010,0001354138,ペルーサ,2,安藤勝己,,56.0
2010_akiten2010,0000885246,アーネストリー,3,佐藤哲三,,58.0
2010_eliza2010,0001129441,スノーフェアリー,1,Ｒ．ムーア,,54.0
2010_eliza2010,0000889885,メイショウベルーガ,2,池添謙一,,56.0
2010_eliza2010,0001049318,アパパネ,3,蛯名正義,,54.0
2010_mile2010,0001051916,エーシンフォワード,1,岩田康誠,,57.0
2010_mile2010,0000993132,ダノンヨーヨー,2,Ｃ．スミヨン,,57.0
2010_mile2010,0001045948,ゴールスキー,3,福永祐一,,56.0
2010_jc2010,0001045066,ローズキングダム,1,武豊,,55.0
2010_jc2010,0000989286,ブエナビスタ,2,Ｃ．スミヨン,,55.0
2010_jc2010,0001046333,ヴィクトワールピサ,3,Ｍ．ギュイヨン,,55.0
2010_jcd2010,0000989072,トランセンド,1,藤田伸二,,57.0
2010_jcd2010,0000990975,グロリアスノア,2,小林慎一郎,,57.0
2010_jcd2010,0000756919,アドマイヤスバル,3,小牧太,,57.0
2010_hjf2010,0001093243,レーヴディソール,1,福永祐一,,54.0
2010_hjf2010,0001094404,ホエールキャプチャ,2,池添謙一,,54.0
2010_hjf2010,0001095532,ライステラス,3,Ｍ．デムーロ,,54.0
2010_daishogai2010,0000888788,バシケーン,1,蓑島靖典,,63.0
2010_daishogai2010,0000802463,タマモグレアー,2,林満明,,63.0
2010_daishogai2010,0000758804,マイネルネオス,3,柴田大知,,63.0
2010_arima2010,0001046333,ヴィクトワールピサ,1,Ｍ．デムーロ,,55.0
2010_arima2010,0000989286,ブエナビスタ,2,Ｃ．スミヨン,,55.0
2010_arima2010,0001043831,トゥザグローリー,3,Ｃ．ウィリアムズ,,55.0
2011_feb2011,0000989072,トランセンド,1,藤田伸二,,57.0
2011_feb2011,0000807282,フリオーソ,2,Ｍ．デムーロ,,57.0
2011_feb2011,0001367365,バーディバーディ,3,池添謙一,,57.0
2011_takamatsu2011,0000901749,キンシャサノキセキ,1,Ｕ．リスポリ,,57.0
2011_takamatsu2011,0000991888,サンカルロ,2,吉田豊,,57.0
2011_takamatsu2011,0000806119,アーバニティ,3,四位洋文,,57.0
2011_ouka2011,0001096817,マルセリーナ,1,安藤勝己,,55.0
2011_ouka2011,0001094404,ホエールキャプチャ,2,池添謙一,,55.0
2011_ouka2011,0001093631,トレンドハンター,3,岩田康誠,,55.0
2011_satsuki2011,0001090360,オルフェーヴル,1,池添謙一,,57.0
2011_satsuki2011,0001093089,サダムパテック,2,岩田康誠,,57.0
2011_satsuki2011,0001090769,ダノンバラード,3,武豊,,57.0
2011_haruten2011,0001045360,ヒルノダムール,1,藤田伸二,,58.0
2011_haruten2011,0001052586,エイシンフラッシュ,2,内田博幸,,58.0
2011_haruten2011,0000881701,ナムラクレセント,3,和田竜二,,58.0
2011_nmc2011,0001090394,グランプリボス,1,Ｃ．ウィリアムズ,,57.0
2011_nmc2011,0001090349,コティリオン,2,小牧太,,57.0
2011_nmc2011,0001088812,リアルインパクト,3,内田博幸,,57.0
2011_victoria2011,0001049318,アパパネ,1,蛯名正義,,55.0
2011_victoria2011,0000989286,ブエナビスタ,2,岩田康誠,,55.0
2011_victoria2011,0001050167,レディアルバローザ,3,福永祐一,,55.0
2011_oaks2011,0001087661,エリンコート,1,後藤浩輝,,55.0
2011_oaks2011,0001099008,ピュアブリーゼ,2,柴田善臣,,55.0
2011_oaks2011,0001094404,ホエールキャプチャ,3,池添謙一,,55.0
2011_derby2011,0001090360,オルフェーヴル,1,池添謙一,,57.0
2011_derby2011,0001088803,ウインバリアシオン,2,安藤勝己,,57.0
2011_derby2011,0001089854,ベルシャザール,3,後藤浩輝,,57.0
2011_takara2011,0000885246,アーネストリー,1,佐藤哲三,,58.0
2011_takara2011,0000989286,ブエナビスタ,2,岩田康誠,,56.0
2011_takara2011,0001052586,エイシンフラッシュ,3,安藤勝己,,58.0
2011_sprint2011,0001044299,カレンチャン,1,池添謙一,,55.0
2011_sprint2011,0001044310,パドトロワ,2,安藤勝己,,57.0
2011_sprint2011,0001047483,エーシンヴァーゴウ,3,福永祐一,,55.0
2011_nanbu2011,0000989072,トランセンド,1,藤田伸二,,57.0
2011_nanbu2011,0000989337,ダノンカモン,2,福永祐一,,57.0
2011_nanbu2011,0000991434,シルクフォーチュン,3,藤岡康太,,57.0
2011_shuka2011,0001089242,アヴェンチュラ,1,岩田康誠,,55.0
2011_shuka2011,0001089307,キョウワジャンヌ,2,飯田祐史,,55.0
2011_shuka2011,0001094404,ホエールキャプチャ,3,池添謙一,,55.0
2011_kikka2011,0001090360,オルフェーヴル,1,池添謙一,,57.0
2011_kikka2011,0001088803,ウインバリアシオン,2,安藤勝己,,57.0
2011_kikka2011,0001096885,トーセンラー,3,蛯名正義,,57.0
2011_akiten2011,0000991898,トーセンジョーダン,1,Ｎ．ピンナ,,58.0
2011_akiten2011,0001043215,ダークシャドウ,2,Ｆ．ベリー,,58.0
2011_akiten2011,0001354138,ペルーサ,3,横山典弘,,58.0
2011_eliza2011,0001129441,スノーフェアリー,1,Ｒ．ムーア,,56.0
2011_eliza2011,0001089242,アヴェンチュラ,2,岩田康誠,,54.0
2011_eliza2011,0001049318,アパパネ,3,蛯名正義,,56.0
2011_mile2011,0001100475,エイシンアポロン,1,池添謙一,,57.0
2011_mile2011,0000997097,フィフスペトル,2,横山典弘,,57.0
2011_mile2011,0001113554,サプレザ,3,Ｃ．ルメール,,55.0
2011_jc2011,0000989286,ブエナビスタ,1,岩田康誠,,55.0
2011_jc2011,0000991898,トーセンジョーダン,2,Ｃ．ウィリアムズ,,57.0
2011_jc2011,0000800790,ジャガーメイル,3,四位洋文,,57.0
2011_jcd2011,0000989072,トランセンド,1,藤田伸二,,57.0
2011_jcd2011,0000309566,ワンダーアキュート,2,和田竜二,,57.0
2011_jcd2011,0000888832,エスポワールシチー,3,佐藤哲三,,57.0
2011_hjf2011,0000731063,ジョワドヴィーヴル,1,福永祐一,,54.0
2011_hjf2011,0001109443,アイムユアーズ,2,Ｉ．メンディザバル,,54.0
2011_hjf2011,0001104154,サウンドオブハート,3,武豊,,54.0
2011_afs2011,0001108213,アルフレード,1,Ｃ．ウィリアムズ,,55.0
2011_afs2011,0001103051,マイネルロブスト,2,蛯名正義,,55.0
2011_afs2011,0001108430,レオアクティブ,3,横山典弘,,55.0
2011_arima2011,0001090360,オルフェーヴル,1,池添謙一,,55.0
2011_arima2011,0001052586,エイシンフラッシュ,2,Ｃ．ルメール,,57.0
2011_arima2011,0001043831,トゥザグローリー,3,福永祐一,,57.0
2012_feb2012,0001098963,テスタマッタ,1,岩田康誠,,57.0
2012_feb2012,0000991434,シルクフォーチュン,2,藤岡康太,,57.0
2012_feb2012,0000309566,ワンダーアキュート,3,和田竜二,,57.0
2012_takamatsu2012,0001044299,カレンチャン,1,池添謙一,,55.0
2012_takamatsu2012,0000991888,サンカルロ,2,吉田豊,,57.0
2012_takamatsu2012,0001089850,ロードカナロア,3,福永祐一,,57.0
2012_ouka2012,0001110862,ジェンティルドンナ,1,岩田康誠,,55.0
2012_ouka2012,0001107937,ヴィルシーナ,2,内田博幸,,55.0
2012_ouka2012,0001109443,アイムユアーズ,3,Ｎ．ピンナ,,55.0
2012_ngj2012,0001044498,マジェスティバイオ,1,柴田大知,,63.0
2012_ngj2012,0000991527,バアゼルリバー,2,小坂忠士,,63.0
2012_ngj2012,0001089745,コスモソユーズ,3,平沢健治,,62.0
2012_satsuki2012,0001104811,ゴールドシップ,1,内田博幸,,57.0
2012_satsuki2012,0000008594,ワールドエース,2,福永祐一,,57.0
2012_satsuki2012,0001110554,ディープブリランテ,3,岩田康誠,,57.0
2012_haruten2012,0001043385,ビートブラック,1,石橋脩,,58.0
2012_haruten2012,0000991898,トーセンジョーダン,2,岩田康誠,,58.0
2012_haruten2012,0001088803,ウインバリアシオン,3,武豊,,58.0
2012_nmc2012,0001110454,カレンブラックヒル,1,秋山真一郎,,57.0
2012_nmc2012,0001108213,アルフレード,2,Ｃ．ウィリアムズ,,57.0
2012_nmc2012,0001104873,クラレント,3,小牧太,,57.0
2012_victoria2012,0001094404,ホエールキャプチャ,1,横山典弘,,55.0
2012_victoria2012,0001096852,ドナウブルー,2,Ｃ．ウィリアムズ,,55.0
2012_victoria2012,0001096817,マルセリーナ,3,田辺裕信,,55.0
2012_oaks2012,0001110862,ジェンティルドンナ,1,川田将雅,,55.0
2012_oaks2012,0001107937,ヴィルシーナ,2,内田博幸,,55.0
2012_oaks2012,0000327963,アイスフォーリス,3,松岡正海,,55.0
2012_derby2012,0001110554,ディープブリランテ,1,岩田康誠,,57.0
2012_derby2012,0001110458,フェノーメノ,2,蛯名正義,,57.0
2012_derby2012,0001103854,トーセンホマレボシ,3,Ｃ．ウィリアムズ,,57.0
2012_yasuda2012,0000995275,ストロングリターン,1,福永祐一,,58.0
2012_yasuda2012,0001090394,グランプリボス,2,内田博幸,,58.0
2012_yasuda2012,0001041849,コスモセンサー,3,松岡正海,,58.0
2012_takara2012,0001090360,オルフェーヴル,1,池添謙一,,58.0
2012_takara2012,0001042049,ルーラーシップ,2,Ｃ．ウィリアムズ,,58.0
2012_takara2012,0001096795,ショウナンマイティ,3,浜中俊,,58.0
2012_sprint2012,0001089850,ロードカナロア,1,岩田康誠,,57.0
2012_sprint2012,0001044299,カレンチャン,2,池添謙一,,55.0
2012_sprint2012,0001049453,ドリームバレンチノ,3,松山弘平,,57.0
2012_shuka2012,0001110862,ジェンティルドンナ,1,岩田康誠,,55.0
2012_shuka2012,0001107937,ヴィルシーナ,2,内田博幸,,55.0
2012_shuka2012,0001109303,アロマティコ,3,佐藤哲三,,55.0
2012_kikka2012,0001104811,ゴールドシップ,1,内田博幸,,57.0
2012_kikka2012,0001103964,スカイディグニティ,2,Ｉ．メンディザバル,,57.0
2012_kikka2012,0000304506,ユウキソルジャー,3,秋山真一郎,,57.0
2012_akiten2012,0001052586,エイシンフラッシュ,1,Ｍ．デムーロ,,58.0
2012_akiten2012,0001110458,フェノーメノ,2,蛯名正義,,56.0
2012_akiten2012,0001042049,ルーラーシップ,3,Ｉ．メンディザバル,,58.0
2012_eliza2012,0001040805,レインボーダリア,1,柴田善臣,,56.0
2012_eliza2012,0001107937,ヴィルシーナ,2,内田博幸,,54.0
2012_eliza2012,0001096751,ピクシープリンセス,3,Ｍ．デムーロ,,56.0
2012_jc2012,0001110862,ジェンティルドンナ,1,岩田康誠,,53.0
2012_jc2012,0001090360,オルフェーヴル,2,池添謙一,,57.0
2012_jc2012,0001042049,ルーラーシップ,3,Ｃ．ウィリアムズ,,57.0
2012_jcd2012,0001049689,ニホンピロアワーズ,1,酒井学,,57.0
2012_jcd2012,0000309566,ワンダーアキュート,2,和田竜二,,57.0
2012_jcd2012,0001107477,ホッコータルマエ,3,幸英明,,56.0
2012_hjf2012,0001126656,ローブティサージュ,1,秋山真一郎,,54.0
2012_hjf2012,0001120040,クロフネサプライズ,2,柴山雄一,,54.0
2012_hjf2012,0001127023,レッドセシリア,3,三浦皇成,,54.0
2012_afs2012,0001124405,ロゴタイプ,1,Ｍ．デムーロ,,55.0
2012_afs2012,0001120116,コディーノ,2,横山典弘,,55.0
2012_afs2012,0001123358,ゴットフリート,3,Ｃ．スミヨン,,55.0
2012_daishogai2012,0001090510,マーベラスカイザー,1,熊沢重文,,63.0
2012_daishogai2012,0000991527,バアゼルリバー,2,小坂忠士,,63.0
2012_daishogai2012,0001044498,マジェスティバイオ,3,山本康志,,63.0
2012_arima2012,0001104811,ゴールドシップ,1,内田博幸,,55.0
2012_arima2012,0000318060,オーシャンブルー,2,Ｃ．ルメール,,57.0
2012_arima2012,0001042049,ルーラーシップ,3,Ｃ．ウィリアムズ,,57.0
2013_feb2013,0001088326,グレープブランデー,1,浜中俊,,57.0
2013_feb2013,0000888832,エスポワールシチー,2,松岡正海,,57.0
2013_feb2013,0000309566,ワンダーアキュート,3,和田竜二,,57.0
2013_takamatsu2013,0001089850,ロードカナロア,1,岩田康誠,,57.0
2013_takamatsu2013,0001049453,ドリームバレンチノ,2,松山弘平,,57.0
2013_takamatsu2013,0001108175,ハクサンムーン,3,酒井学,,57.0
2013_ouka2013,0001126009,アユサン,1,Ｃ．デムーロ,,55.0
2013_ouka2013,0001121755,レッドオーヴァル,2,Ｍ．デムーロ,,55.0
2013_ouka2013,0001117592,プリンセスジャック,3,福永祐一,,55.0
2013_ngj2013,0001177818,ブラックステアマウンテン,1,Ｒ．ウォルシュ,,63.0
2013_ngj2013,0001043734,リキアイクロフネ,2,金子光希,,63.0
2013_ngj2013,0001089810,シゲルジュウヤク,3,熊沢重文,,63.0
2013_satsuki2013,0001124405,ロゴタイプ,1,Ｍ．デムーロ,,57.0
2013_satsuki2013,0001124297,エピファネイア,2,福永祐一,,57.0
2013_satsuki2013,0001120116,コディーノ,3,横山典弘,,57.0
2013_haruten2013,0001110458,フェノーメノ,1,蛯名正義,,58.0
2013_haruten2013,0001096885,トーセンラー,2,武豊,,58.0
2013_haruten2013,0000270015,レッドカドー,3,Ｇ．モッセ,,58.0
2013_nmc2013,0001124140,マイネルホウオウ,1,柴田大知,,57.0
2013_nmc2013,0001118404,インパルスヒーロー,2,田中勝春,,57.0
2013_nmc2013,0001119740,フラムドグロワール,3,横山典弘,,57.0
2013_victoria2013,0001107937,ヴィルシーナ,1,内田博幸,,55.0
2013_victoria2013,0001094404,ホエールキャプチャ,2,蛯名正義,,55.0
2013_victoria2013,0001089688,マイネイサベル,3,柴田大知,,55.0
2013_oaks2013,0001123893,メイショウマンボ,1,武幸四郎,,55.0
2013_oaks2013,0001119361,エバーブロッサム,2,戸崎圭太,,55.0
2013_oaks2013,0001126790,デニムアンドルビー,3,内田博幸,,55.0
2013_derby2013,0000807526,キズナ,1,武豊,,57.0
2013_derby2013,0001124297,エピファネイア,2,福永祐一,,57.0
2013_derby2013,0001162704,アポロソニック,3,勝浦正樹,,57.0
2013_yasuda2013,0001089850,ロードカナロア,1,岩田康誠,,58.0
2013_yasuda2013,0001096795,ショウナンマイティ,2,浜中俊,,58.0
2013_yasuda2013,0001095857,ダノンシャーク,3,Ｃ．デムーロ,,58.0
2013_takara2013,0001104811,ゴールドシップ,1,内田博幸,,58.0
2013_takara2013,0001090769,ダノンバラード,2,川田将雅,,58.0
2013_takara2013,0001110862,ジェンティルドンナ,3,岩田康誠,,56.0
2013_sprint2013,0001089850,ロードカナロア,1,岩田康誠,,57.0
2013_sprint2013,0001108175,ハクサンムーン,2,酒井学,,57.0
2013_sprint2013,0000303826,マヤノリュウジン,3,池添謙一,,57.0
2013_shuka2013,0001123893,メイショウマンボ,1,武幸四郎,,55.0
2013_shuka2013,0001121015,スマートレイアー,2,武豊,,55.0
2013_shuka2013,0001126627,リラコサージュ,3,池添謙一,,55.0
2013_kikka2013,0001124297,エピファネイア,1,福永祐一,,57.0
2013_kikka2013,0001119611,サトノノブレス,2,岩田康誠,,57.0
2013_kikka2013,0001144166,バンデ,3,松田大作,,57.0
2013_akiten2013,0001106251,ジャスタウェイ,1,福永祐一,,58.0
2013_akiten2013,0001110862,ジェンティルドンナ,2,岩田康誠,,56.0
2013_akiten2013,0001052586,エイシンフラッシュ,3,Ｍ．デムーロ,,58.0
2013_eliza2013,0001123893,メイショウマンボ,1,武幸四郎,,54.0
2013_eliza2013,0000305979,ラキシス,2,川田将雅,,54.0
2013_eliza2013,0001109303,アロマティコ,3,三浦皇成,,56.0
2013_mile2013,0001096885,トーセンラー,1,武豊,,57.0
2013_mile2013,0001105326,ダイワマッジョーレ,2,蛯名正義,,57.0
2013_mile2013,0001095857,ダノンシャーク,3,福永祐一,,57.0
2013_jc2013,0001110862,ジェンティルドンナ,1,Ｒ．ムーア,,55.0
2013_jc2013,0001126790,デニムアンドルビー,2,浜中俊,,53.0
2013_jc2013,0000991898,トーセンジョーダン,3,Ｗ．ビュイック,,57.0
2013_jcd2013,0001089854,ベルシャザール,1,Ｃ．ルメール,,57.0
2013_jcd2013,0000309566,ワンダーアキュート,2,武豊,,57.0
2013_jcd2013,0001107477,ホッコータルマエ,3,幸英明,,57.0
2013_hjf2013,0001135861,レッドリヴェール,1,戸崎圭太,,54.0
2013_hjf2013,0001141162,ハープスター,2,川田将雅,,54.0
2013_hjf2013,0001134627,フォーエバーモア,3,蛯名正義,,54.0
2013_afs2013,0001177896,アジアエクスプレス,1,Ｒ．ムーア,,55.0
2013_afs2013,0001138980,ショウナンアチーヴ,2,後藤浩輝,,55.0
2013_afs2013,0001133895,ウインフルブルーム,3,和田竜二,,55.0
2013_daishogai2013,0001107998,アポロマーベリック,1,五十嵐雄祐,,63.0
2013_daishogai2013,0001096505,ハッピーティア,2,平沢健治,,61.0
2013_daishogai2013,0000733096,メイショウブシドウ,3,熊沢重文,,63.0
2013_arima2013,0001090360,オルフェーヴル,1,池添謙一,,57.0
2013_arima2013,0001088803,ウインバリアシオン,2,岩田康誠,,57.0
2013_arima2013,0001104811,ゴールドシップ,3,Ｒ．ムーア,,57.0
2014_feb2014,0001123166,コパノリッキー,1,田辺裕信,,57.0
2014_feb2014,0001107477,ホッコータルマエ,2,幸英明,,57.0
2014_feb2014,0001089854,ベルシャザール,3,Ｃ．デムーロ,,57.0
2014_takamatsu2014,0001121332,コパノリチャード,1,Ｍ．デムーロ,,57.0
2014_takamatsu2014,0000269362,スノードラゴン,2,大野拓弥,,57.0
2014_takamatsu2014,0001108396,ストレイトガール,3,岩田康誠,,55.0
2014_ouka2014,0001141162,ハープスター,1,川田将雅,,55.0
2014_ouka2014,0001135861,レッドリヴェール,2,戸崎圭太,,55.0
2014_ouka2014,0001138078,ヌーヴォレコルト,3,岩田康誠,,55.0
2014_ngj2014,0001107998,アポロマーベリック,1,五十嵐雄祐,,63.0
2014_ngj2014,0001089745,コスモソユーズ,2,山本康志,,63.0
2014_ngj2014,0000733096,メイショウブシドウ,3,高田潤,,63.0
2014_satsuki2014,0001142398,イスラボニータ,1,蛯名正義,,57.0
2014_satsuki2014,0000742708,トゥザワールド,2,川田将雅,,57.0
2014_satsuki2014,0001133895,ウインフルブルーム,3,柴田大知,,57.0
2014_haruten2014,0001110458,フェノーメノ,1,蛯名正義,,58.0
2014_haruten2014,0001088803,ウインバリアシオン,2,武幸四郎,,58.0
2014_haruten2014,0001092418,ホッコーブレーヴ,3,田辺裕信,,58.0
2014_nmc2014,0001141719,ミッキーアイル,1,浜中俊,,57.0
2014_nmc2014,0001141503,タガノブルグ,2,三浦皇成,,57.0
2014_nmc2014,0001134550,キングズオブザサン,3,蛯名正義,,57.0
2014_victoria2014,0001107937,ヴィルシーナ,1,内田博幸,,55.0
2014_victoria2014,0001123893,メイショウマンボ,2,武幸四郎,,55.0
2014_victoria2014,0001108396,ストレイトガール,3,岩田康誠,,55.0
2014_oaks2014,0001138078,ヌーヴォレコルト,1,岩田康誠,,55.0
2014_oaks2014,0001141162,ハープスター,2,川田将雅,,55.0
2014_oaks2014,0001141807,バウンスシャッセ,3,北村宏司,,55.0
2014_derby2014,0000313852,ワンアンドオンリー,1,横山典弘,,57.0
2014_derby2014,0001142398,イスラボニータ,2,蛯名正義,,57.0
2014_derby2014,0001140469,マイネルフロスト,3,松岡正海,,57.0
2014_yasuda2014,0001106251,ジャスタウェイ,1,柴田善臣,,58.0
2014_yasuda2014,0001090394,グランプリボス,2,三浦皇成,,58.0
2014_yasuda2014,0001096795,ショウナンマイティ,3,北村宏司,,58.0
2014_takara2014,0001104811,ゴールドシップ,1,横山典弘,,58.0
2014_takara2014,0001091552,カレンミロティック,2,池添謙一,,58.0
2014_takara2014,0001107937,ヴィルシーナ,3,福永祐一,,56.0
2014_sprint2014,0000269362,スノードラゴン,1,大野拓弥,,57.0
2014_sprint2014,0001108396,ストレイトガール,2,岩田康誠,,55.0
2014_sprint2014,0001121755,レッドオーヴァル,3,田辺裕信,,55.0
2014_shuka2014,0001140190,ショウナンパンドラ,1,浜中俊,,55.0
2014_shuka2014,0001138078,ヌーヴォレコルト,2,岩田康誠,,55.0
2014_shuka2014,0000707459,タガノエトワール,3,小牧太,,55.0
2014_kikka2014,0001140023,トーホウジャッカル,1,酒井学,,57.0
2014_kikka2014,0001140030,サウンズオブアース,2,蛯名正義,,57.0
2014_kikka2014,0001136428,ゴールドアクター,3,吉田隼人,,57.0
2014_akiten2014,0001110914,スピルバーグ,1,北村宏司,,58.0
2014_akiten2014,0001110862,ジェンティルドンナ,2,戸崎圭太,,56.0
2014_akiten2014,0001142398,イスラボニータ,3,Ｃ．ルメール,,56.0
2014_eliza2014,0000305979,ラキシス,1,川田将雅,,56.0
2014_eliza2014,0001138078,ヌーヴォレコルト,2,岩田康誠,,54.0
2014_eliza2014,0001124250,ディアデラマドレ,3,藤岡康太,,56.0
2014_mile2014,0001095857,ダノンシャーク,1,岩田康誠,,57.0
2014_mile2014,0001110959,フィエロ,2,福永祐一,,57.0
2014_mile2014,0001110810,グランデッツァ,3,秋山真一郎,,57.0
2014_jc2014,0001124297,エピファネイア,1,Ｃ．スミヨン,,57.0
2014_jc2014,0001106251,ジャスタウェイ,2,福永祐一,,57.0
2014_jc2014,0001110914,スピルバーグ,3,北村宏司,,57.0
2014_jcd2014,0001107477,ホッコータルマエ,1,幸英明,,57.0
2014_jcd2014,0001108831,ナムラビクター,2,小牧太,,57.0
2014_jcd2014,0001096464,ローマンレジェンド,3,岩田康誠,,57.0
2014_hjf2014,0001157731,ショウナンアデラ,1,蛯名正義,,54.0
2014_hjf2014,0001152102,レッツゴードンキ,2,浜中俊,,54.0
2014_hjf2014,0001149606,ココロノアイ,3,横山典弘,,54.0
2014_daishogai2014,0001110514,レッドキングダム,1,北沢伸也,,63.0
2014_daishogai2014,0001107998,アポロマーベリック,2,五十嵐雄祐,,63.0
2014_daishogai2014,0001089667,サンレイデューク,3,難波剛健,,63.0
2014_afs2014,0001157776,ダノンプラチナ,1,蛯名正義,,55.0
2014_afs2014,0001152277,アルマワイオリ,2,勝浦正樹,,55.0
2014_afs2014,0001153933,クラリティスカイ,3,岩田康誠,,55.0
2014_arima2014,0001110862,ジェンティルドンナ,1,戸崎圭太,,55.0
2014_arima2014,0000742708,トゥザワールド,2,Ｗ．ビュイック,,55.0
2014_arima2014,0001104811,ゴールドシップ,3,岩田康誠,,57.0
2015_feb2015,0001123166,コパノリッキー,1,武豊,,57.0
2015_feb2015,0001126608,インカンテーション,2,内田博幸,,57.0
2015_feb2015,0000617528,ベストウォーリア,3,戸崎圭太,,57.0
2015_takamatsu2015,0001209535,エアロヴェロシティ,1,Ｚ．パートン,,57.0
2015_takamatsu2015,0001108175,ハクサンムーン,2,酒井学,,57.0
2015_takamatsu2015,0001141719,ミッキーアイル,3,浜中俊,,57.0
2015_ouka2015,0001152102,レッツゴードンキ,1,岩田康誠,,55.0
2015_ouka2015,0001156999,クルミナル,2,池添謙一,,55.0
2015_ouka2015,0001149751,コンテッサトゥーレ,3,Ｃ．ルメール,,55.0
2015_ngj2015,0000270788,アップトゥデイト,1,林満明,,63.0
2015_ngj2015,0001123837,ソンブレロ,2,高田潤,,63.0
2015_ngj2015,0001089667,サンレイデューク,3,難波剛健,,63.0
2015_satsuki2015,0001151936,ドゥラメンテ,1,Ｍ．デムーロ,,57.0
2015_satsuki2015,0001157711,リアルスティール,2,福永祐一,,57.0
2015_satsuki2015,0000228602,キタサンブラック,3,浜中俊,,57.0
2015_haruten2015,0001104811,ゴールドシップ,1,横山典弘,,58.0
2015_haruten2015,0001117634,フェイムゲーム,2,北村宏司,,58.0
2015_haruten2015,0001091552,カレンミロティック,3,蛯名正義,,58.0
2015_nmc2015,0001153933,クラリティスカイ,1,横山典弘,,57.0
2015_nmc2015,0001193373,アルビアーノ,2,柴山雄一,,55.0
2015_nmc2015,0001154658,ミュゼスルタン,3,柴田善臣,,57.0
2015_victoria2015,0001108396,ストレイトガール,1,戸崎圭太,,55.0
2015_victoria2015,0001109939,ケイアイエレガント,2,吉田豊,,55.0
2015_victoria2015,0000613537,ミナレット,3,江田照男,,55.0
2015_oaks2015,0000020924,ミッキークイーン,1,浜中俊,,55.0
2015_oaks2015,0001156915,ルージュバック,2,戸崎圭太,,55.0
2015_oaks2015,0001156999,クルミナル,3,池添謙一,,55.0
2015_derby2015,0001151936,ドゥラメンテ,1,Ｍ．デムーロ,,57.0
2015_derby2015,0001157744,サトノラーゼン,2,岩田康誠,,57.0
2015_derby2015,0001162905,サトノクラウン,3,Ｃ．ルメール,,57.0
2015_yasuda2015,0000000736,モーリス,1,川田将雅,,58.0
2015_yasuda2015,0001101689,ヴァンセンヌ,2,福永祐一,,58.0
2015_yasuda2015,0001104873,クラレント,3,田辺裕信,,58.0
2015_takara2015,0001122040,ラブリーデイ,1,川田将雅,,58.0
2015_takara2015,0001126790,デニムアンドルビー,2,浜中俊,,56.0
2015_takara2015,0001140190,ショウナンパンドラ,3,池添謙一,,56.0
2015_sprint2015,0001108396,ストレイトガール,1,戸崎圭太,,55.0
2015_sprint2015,0001089694,サクラゴスペル,2,横山典弘,,57.0
2015_sprint2015,0001124735,ウキヨノカゼ,3,四位洋文,,55.0
2015_shuka2015,0000020924,ミッキークイーン,1,浜中俊,,55.0
2015_shuka2015,0001156107,クイーンズリング,2,Ｍ．デムーロ,,55.0
2015_shuka2015,0001152047,マキシマムドパリ,3,幸英明,,55.0
2015_kikka2015,0000228602,キタサンブラック,1,北村宏司,,57.0
2015_kikka2015,0001157711,リアルスティール,2,福永祐一,,57.0
2015_kikka2015,0001153334,リアファル,3,Ｃ．ルメール,,57.0
2015_akiten2015,0001122040,ラブリーデイ,1,浜中俊,,58.0
2015_akiten2015,0001141375,ステファノス,2,戸崎圭太,,58.0
2015_akiten2015,0001142398,イスラボニータ,3,蛯名正義,,58.0
2015_eliza2015,0001139058,マリアライト,1,蛯名正義,,56.0
2015_eliza2015,0001138078,ヌーヴォレコルト,2,岩田康誠,,56.0
2015_eliza2015,0001157737,タッチングスピーチ,3,Ｃ．ルメール,,54.0
2015_mile2015,0000000736,モーリス,1,Ｒ．ムーア,,57.0
2015_mile2015,0001110959,フィエロ,2,Ｍ．デムーロ,,57.0
2015_mile2015,0001142398,イスラボニータ,3,蛯名正義,,57.0
2015_jc2015,0001140190,ショウナンパンドラ,1,池添謙一,,55.0
2015_jc2015,0001120507,ラストインパクト,2,Ｒ．ムーア,,57.0
2015_jc2015,0001122040,ラブリーデイ,3,川田将雅,,57.0
2015_jcd2015,0001106745,サンビスタ,1,Ｍ．デムーロ,,55.0
2015_jcd2015,0001153787,ノンコノユメ,2,Ｃ．ルメール,,56.0
2015_jcd2015,0001119786,サウンドトゥルー,3,大野拓弥,,57.0
2015_hjf2015,0001170864,メジャーエンブレム,1,Ｃ．ルメール,,54.0
2015_hjf2015,0001172048,ウインファビラス,2,松岡正海,,54.0
2015_hjf2015,0001173486,ブランボヌール,3,岩田康誠,,54.0
2015_afs2015,0001170063,リオンディーズ,1,Ｍ．デムーロ,,55.0
2015_afs2015,0001170160,エアスピネル,2,武豊,,55.0
2015_afs2015,0001170553,シャドウアプローチ,3,中谷雄太,,55.0
2015_arima2015,0001136428,ゴールドアクター,1,吉田隼人,,57.0
2015_arima2015,0001140030,サウンズオブアース,2,Ｍ．デムーロ,,57.0
2015_arima2015,0000228602,キタサンブラック,3,横山典弘,,55.0
2017_feb2017,0000383330,ゴールドドリーム,1,Ｍ．デムーロ,,57.0
2017_feb2017,0000617528,ベストウォーリア,2,戸崎圭太,,57.0
2017_feb2017,0001151110,カフジテイク,3,津村明秀,,57.0
2017_takamatsu2017,0001171762,セイウンコウセイ,1,幸英明,,57.0
2017_takamatsu2017,0001152102,レッツゴードンキ,2,岩田康誠,,55.0
2017_takamatsu2017,0001134867,レッドファルクス,3,Ｍ．デムーロ,,57.0
2017_osaka2017,0000228602,キタサンブラック,1,武豊,,57.0
2017_osaka2017,0001141375,ステファノス,2,川田将雅,,57.0
2017_osaka2017,0001154998,ヤマカツエース,3,池添謙一,,57.0
2017_ouka2017,0001185478,レーヌミノル,1,池添謙一,,55.0
2017_ouka2017,0001191589,リスグラシュー,2,武豊,,55.0
2017_ouka2017,0001194124,ソウルスターリング,3,Ｃ．ルメール,,55.0
2017_ngj2017,0001141176,オジュウチョウサン,1,石神深一,,63.0
2017_ngj2017,0001089667,サンレイデューク,2,難波剛健,,63.0
2017_ngj2017,0000270788,アップトゥデイト,3,林満明,,63.0
2017_satsuki2017,0000705154,アルアイン,1,松山弘平,,57.0
2017_satsuki2017,0001186696,ペルシアンナイト,2,Ｍ．デムーロ,,57.0
2017_satsuki2017,0001185395,ダンビュライト,3,武豊,,57.0
2017_haruten2017,0000228602,キタサンブラック,1,武豊,,58.0
2017_haruten2017,0001152403,シュヴァルグラン,2,福永祐一,,58.0
2017_haruten2017,0001175221,サトノダイヤモンド,3,Ｃ．ルメール,,58.0
2017_nmc2017,0001192790,アエロリット,1,横山典弘,,55.0
2017_nmc2017,0001222135,リエノテソーロ,2,吉田隼人,,55.0
2017_nmc2017,0001186226,ボンセルヴィーソ,3,松山弘平,,57.0
2017_victoria2017,0001174899,アドマイヤリード,1,Ｃ．ルメール,,55.0
2017_victoria2017,0001173912,デンコウアンジュ,2,蛯名正義,,55.0
2017_victoria2017,0001168174,ジュールポレール,3,幸英明,,55.0
2017_oaks2017,0001194124,ソウルスターリング,1,Ｃ．ルメール,,55.0
2017_oaks2017,0001192179,モズカッチャン,2,和田竜二,,55.0
2017_oaks2017,0001190477,アドマイヤミヤビ,3,Ｍ．デムーロ,,55.0
2017_derby2017,0001189721,レイデオロ,1,Ｃ．ルメール,,57.0
2017_derby2017,0001190059,スワーヴリチャード,2,四位洋文,,57.0
2017_derby2017,0001188522,アドミラブル,3,Ｍ．デムーロ,,57.0
2017_yasuda2017,0001137571,サトノアラジン,1,川田将雅,,58.0
2017_yasuda2017,0001124405,ロゴタイプ,2,田辺裕信,,58.0
2017_yasuda2017,0001134867,レッドファルクス,3,Ｍ．デムーロ,,58.0
2017_takara2017,0001162905,サトノクラウン,1,Ｍ．デムーロ,,58.0
2017_takara2017,0001136428,ゴールドアクター,2,横山典弘,,58.0
2017_takara2017,0000020924,ミッキークイーン,3,浜中俊,,56.0
2017_shuka2017,0001042390,ディアドラ,1,Ｃ．ルメール,,55.0
2017_shuka2017,0001191589,リスグラシュー,2,武豊,,55.0
2017_shuka2017,0001192179,モズカッチャン,3,Ｍ．デムーロ,,55.0
2017_akiten2017,0000228602,キタサンブラック,1,武豊,,58.0
2017_akiten2017,0001162905,サトノクラウン,2,Ｍ．デムーロ,,58.0
2017_akiten2017,0000311979,レインボーライン,3,岩田康誠,,58.0
2017_eliza2017,0001192179,モズカッチャン,1,Ｍ．デムーロ,,54.0
2017_eliza2017,0001172189,クロコスミア,2,和田竜二,,56.0
2017_eliza2017,0000020924,ミッキークイーン,3,浜中俊,,56.0
2017_mile2017,0001186696,ペルシアンナイト,1,Ｍ．デムーロ,,56.0
2017_mile2017,0001170160,エアスピネル,2,Ｒ．ムーア,,57.0
2017_mile2017,0001185811,サングレーザー,3,福永祐一,,56.0
2017_jc2017,0001152403,シュヴァルグラン,1,Ｈ．ボウマン,,57.0
2017_jc2017,0001189721,レイデオロ,2,Ｃ．ルメール,,55.0
2017_jc2017,0000228602,キタサンブラック,3,武豊,,57.0
2017_jcd2017,0000383330,ゴールドドリーム,1,Ｒ．ムーア,,57.0
2017_jcd2017,0001155728,テイエムジンソク,2,古川吉洋,,57.0
2017_jcd2017,0001123166,コパノリッキー,3,田辺裕信,,57.0
2017_hjf2017,0001046864,ラッキーライラック,1,石橋脩,,54.0
2017_hjf2017,0001205321,リリーノーブル,2,川田将雅,,54.0
2017_hjf2017,0001204174,マウレア,3,戸崎圭太,,54.0
2017_afs2017,0001208294,ダノンプレミアム,1,川田将雅,,55.0
2017_afs2017,0001204521,ステルヴィオ,2,Ｃ．デムーロ,,55.0
2017_afs2017,0001209439,タワーオブロンドン,3,Ｃ．ルメール,,55.0
2017_daishogai2017,0001141176,オジュウチョウサン,1,石神深一,,63.0
2017_daishogai2017,0000270788,アップトゥデイト,2,林満明,,63.0
2017_daishogai2017,0001119919,ルペールノエル,3,高田潤,,63.0
2017_arima2017,0000228602,キタサンブラック,1,武豊,,57.0
2017_arima2017,0001156107,クイーンズリング,2,Ｃ．ルメール,,55.0
2017_arima2017,0001152403,シュヴァルグラン,3,Ｈ．ボウマン,,57.0
2017_hopeful2017,0001204045,タイムフライヤー,1,Ｃ．デムーロ,,55.0
2017_hopeful2017,0000182444,ジャンダルム,2,武豊,,55.0
2017_hopeful2017,0001205567,ステイフーリッシュ,3,中谷雄太,,55.0
2018_feb2018,0001153787,ノンコノユメ,1,内田博幸,,57.0
2018_feb2018,0000383330,ゴールドドリーム,2,Ｒ．ムーア,,57.0
2018_feb2018,0001126608,インカンテーション,3,三浦皇成,,57.0
2018_takamatsu2018,0001173702,ファインニードル,1,川田将雅,,57.0
2018_takamatsu2018,0001152102,レッツゴードンキ,2,岩田康誠,,55.0
2018_takamatsu2018,0001172780,ナックビーナス,3,三浦皇成,,55.0
2018_osaka2018,0001190059,スワーヴリチャード,1,Ｍ．デムーロ,,57.0
2018_osaka2018,0001186696,ペルシアンナイト,2,福永祐一,,57.0
2018_osaka2018,0000705154,アルアイン,3,川田将雅,,57.0
2018_ouka2018,0000179122,アーモンドアイ,1,Ｃ．ルメール,,55.0
2018_ouka2018,0001046864,ラッキーライラック,2,石橋脩,,55.0
2018_ouka2018,0001205321,リリーノーブル,3,川田将雅,,55.0
2018_ngj2018,0001141176,オジュウチョウサン,1,石神深一,,63.0
2018_ngj2018,0000270788,アップトゥデイト,2,林満明,,63.0
2018_ngj2018,0001125518,ニホンピロバロン,3,白浜雄造,,63.0
2018_satsuki2018,0001203083,エポカドーロ,1,戸崎圭太,,57.0
2018_satsuki2018,0001045761,サンリヴァル,2,藤岡佑介,,57.0
2018_satsuki2018,0001206982,ジェネラーレウーノ,3,田辺裕信,,57.0
2018_haruten2018,0000311979,レインボーライン,1,岩田康誠,,58.0
2018_haruten2018,0001152403,シュヴァルグラン,2,Ｈ．ボウマン,,58.0
2018_haruten2018,0001184463,クリンチャー,3,三浦皇成,,58.0
2018_nmc2018,0001205873,ケイアイノーテック,1,藤岡佑介,,57.0
2018_nmc2018,0001208410,ギベオン,2,Ｍ．デムーロ,,57.0
2018_nmc2018,0001201016,レッドヴェイロン,3,岩田康誠,,57.0
2018_victoria2018,0001168174,ジュールポレール,1,幸英明,,55.0
2018_victoria2018,0001191589,リスグラシュー,2,武豊,,55.0
2018_victoria2018,0001167553,レッドアヴァンセ,3,北村友一,,55.0
2018_oaks2018,0000179122,アーモンドアイ,1,Ｃ．ルメール,,55.0
2018_oaks2018,0001205321,リリーノーブル,2,川田将雅,,55.0
2018_oaks2018,0001046864,ラッキーライラック,3,石橋脩,,55.0
2018_derby2018,0001205273,ワグネリアン,1,福永祐一,,57.0
2018_derby2018,0001203083,エポカドーロ,2,戸崎圭太,,57.0
2018_derby2018,0001205596,コズミックフォース,3,石橋脩,,57.0
2018_yasuda2018,0001213491,モズアスコット,1,Ｃ．ルメール,,58.0
2018_yasuda2018,0001192790,アエロリット,2,戸崎圭太,,56.0
2018_yasuda2018,0001190059,スワーヴリチャード,3,Ｍ．デムーロ,,58.0
2018_takara2018,0001175196,ミッキーロケット,1,和田竜二,,58.0
2018_takara2018,0001296417,ワーザー,2,Ｈ．ボウマン,,58.0
2018_takara2018,0001166347,ノーブルマーズ,3,高倉稜,,58.0
2018_sprint2018,0001173702,ファインニードル,1,川田将雅,,57.0
2018_sprint2018,0001203313,ラブカンプー,2,和田竜二,,53.0
2018_sprint2018,0001133347,ラインスピリット,3,武豊,,57.0
2018_shuka2018,0000179122,アーモンドアイ,1,Ｃ．ルメール,,55.0
2018_shuka2018,0001208923,ミッキーチャーム,2,川田将雅,,55.0
2018_shuka2018,0000170721,カンタービレ,3,武豊,,55.0
2018_kikka2018,0001204307,フィエールマン,1,Ｃ．ルメール,,57.0
2018_kikka2018,0001208403,エタリオウ,2,Ｍ．デムーロ,,57.0
2018_kikka2018,0001204799,ユーキャンスマイル,3,武豊,,57.0
2018_akiten2018,0001189721,レイデオロ,1,Ｃ．ルメール,,58.0
2018_akiten2018,0001185811,サングレーザー,2,Ｊ．モレイラ,,58.0
2018_akiten2018,0000722114,キセキ,3,川田将雅,,58.0
2018_race_18,0001118149,グレイスフルリープ,1,Ｃ．ルメール,,57.0
2018_race_18,0001222285,マテラスカイ,2,武豊,,57.0
2018_race_18,0001122883,キタサンミカヅキ,3,森泰斗,,57.0
2018_race_19,0001173259,ケイティブレイブ,1,福永祐一,,57.0
2018_race_19,0001206059,オメガパフューム,2,和田竜二,,55.0
2018_race_19,0001187218,サンライズソア,3,Ｃ．ルメール,,57.0
2018_eliza2018,0001191589,リスグラシュー,1,Ｊ．モレイラ,,56.0
2018_eliza2018,0001172189,クロコスミア,2,岩田康誠,,56.0
2018_eliza2018,0001192179,モズカッチャン,3,Ｍ．デムーロ,,56.0
2018_mile2018,0001204521,ステルヴィオ,1,Ｗ．ビュイック,,56.0
2018_mile2018,0001186696,ペルシアンナイト,2,Ｍ．デムーロ,,57.0
2018_mile2018,0000705154,アルアイン,3,川田将雅,,57.0
2018_jc2018,0000179122,アーモンドアイ,1,Ｃ．ルメール,,53.0
2018_jc2018,0000722114,キセキ,2,川田将雅,,57.0
2018_jc2018,0001190059,スワーヴリチャード,3,Ｍ．デムーロ,,57.0
2018_jcd2018,0001205475,ルヴァンスレーヴ,1,Ｍ．デムーロ,,56.0
2018_jcd2018,0001150637,ウェスタールンド,2,藤岡佑介,,57.0
2018_jcd2018,0001187218,サンライズソア,3,Ｊ．モレイラ,,57.0
2018_hjf2018,0001221856,ダノンファンタジー,1,1:34.1,C.デムーロ,54.0
2018_hjf2018,0001216129,クロノジェネシス,2,1:34.2,北村 友一,54.0
2018_hjf2018,0000735560,ビーチサンバ,3,1:34.3,福永 祐一,54.0
2018_afs2018,0001221956,アドマイヤマーズ,1,1:33.9,M.デムーロ,55.0
2018_afs2018,0001217922,クリノガウディー,2,1:34.2,藤岡 佑介,55.0
2018_afs2018,0001220947,グランアレグリア,3,1:34.3,C.ルメール,54.0
2018_daishogai2018,0001125518,ニホンピロバロン,1,4:40.8,石神 深一,63.0
2018_daishogai2018,0000185845,タイセイドリーム,2,4:40.8,平沢 健治,63.0
2018_daishogai2018,0001156191,マイネルプロンプト,3,4:41.1,森 一馬,63.0
2018_arima2018,0001208511,ブラストワンピース,1,2:32.2,池添 謙一,55.0
2018_arima2018,0001189721,レイデオロ,2,2:32.2,C.ルメール,57.0
2018_arima2018,0001152403,シュヴァルグラン,3,2:32.4,H.ボウマン,57.0
2018_hopeful2018,0001215724,サートゥルナーリア,1,2:01.6,M.デムーロ,55.0
2018_hopeful2018,0001214658,アドマイヤジャスタ,2,2:01.8,C.ルメール,55.0
2018_hopeful2018,0001220101,ニシノデイジー,3,2:01.9,勝浦 正樹,55.0
2019_feb2019,0001189892,インティ,1,1:35.6,武 豊,57.0
2019_feb2019,0000383330,ゴールドドリーム,2,1:35.6,C.ルメール,57.0
2019_feb2019,0001187257,ユラノト,3,1:36.3,福永 祐一,57.0
2019_takamatsu2019,0000323847,ミスターメロディ,1,1:07.3,福永 祐一,57.0
2019_takamatsu2019,0001171762,セイウンコウセイ,2,1:07.4,幸 英明,57.0
2019_takamatsu2019,0001174143,ショウナンアンセム,3,1:07.4,藤岡 康太,57.0
2019_osaka2019,0000705154,アルアイン,1,2:01.0,北村 友一,57.0
2019_osaka2019,0000722114,キセキ,2,2:01.0,川田 将雅,57.0
2019_osaka2019,0001205273,ワグネリアン,3,2:01.1,福永 祐一,57.0
2019_ouka2019,0001220947,グランアレグリア,1,1:32.7,C.ルメール,55.0
2019_ouka2019,0001218498,シゲルピンクダイヤ,2,1:33.1,和田 竜二,55.0
2019_ouka2019,0001216129,クロノジェネシス,3,1:33.1,北村 友一,55.0
2019_ngj2019,0001141176,オジュウチョウサン,1,4:47.6,石神 深一,63.0
2019_ngj2019,0001168532,シンキングダンサー,2,4:48.0,金子 光希,63.0
2019_ngj2019,0001156191,マイネルプロンプト,3,4:49.1,森 一馬,63.0
2019_satsuki2019,0001215724,サートゥルナーリア,1,1:58.1,C.ルメール,57.0
2019_satsuki2019,0001221719,ヴェロックス,2,1:58.1,川田 将雅,57.0
2019_satsuki2019,0001221761,ダノンキングリー,3,1:58.1,戸崎 圭太,57.0
2019_haruten2019,0001204307,フィエールマン,1,3:15.0,C.ルメール,58.0
2019_haruten2019,0001208666,グローリーヴェイズ,2,3:15.0,戸崎 圭太,58.0
2019_haruten2019,0001155766,パフォーマプロミス,3,3:16.0,北村 友一,58.0
2019_nmc2019,0001221956,アドマイヤマーズ,1,1:32.4,M.デムーロ,57.0
2019_nmc2019,0001219585,ケイデンスコール,2,1:32.5,石橋 脩,57.0
2019_nmc2019,0000241151,カテドラル,3,1:32.5,B.アヴドゥラ,57.0
2019_victoria2019,0001203281,ノームコア,1,1:30.5,D.レーン,55.0
2019_victoria2019,0001208432,プリモシーン,2,1:30.5,福永 祐一,55.0
2019_victoria2019,0001172189,クロコスミア,3,1:30.6,戸崎 圭太,55.0
2019_oaks2019,0001221351,ラヴズオンリーユー,1,2:22.8,M.デムーロ,55.0
2019_oaks2019,0001221953,カレンブーケドール,2,2:22.8,津村 明秀,55.0
2019_oaks2019,0001216129,クロノジェネシス,3,2:23.2,北村 友一,55.0
2019_derby2019,0001221464,ロジャーバローズ,1,2:22.6,浜中 俊,57.0
2019_derby2019,0001221761,ダノンキングリー,2,2:22.6,戸崎 圭太,57.0
2019_derby2019,0001221719,ヴェロックス,3,2:23.0,川田 将雅,57.0
2019_yasuda2019,0001206175,インディチャンプ,1,1:30.9,福永 祐一,58.0
2019_yasuda2019,0001192790,アエロリット,2,1:30.9,戸崎 圭太,56.0
2019_yasuda2019,0000179122,アーモンドアイ,3,1:30.9,C.ルメール,56.0
2019_takara2019,0001191589,リスグラシュー,1,2:10.8,D.レーン,56.0
2019_takara2019,0000722114,キセキ,2,2:11.3,川田 将雅,58.0
2019_takara2019,0001190059,スワーヴリチャード,3,2:11.6,M.デムーロ,58.0
2019_sprint2019,0001209439,タワーオブロンドン,1,1:07.1,C.ルメール,57.0
2019_sprint2019,0001228753,モズスーパーフレア,2,1:07.2,松若 風馬,55.0
2019_sprint2019,0001208468,ダノンスマッシュ,3,1:07.2,川田 将雅,57.0
2019_shuka2019,0001216129,クロノジェネシス,1,1:59.9,北村 友一,55.0
2019_shuka2019,0001221953,カレンブーケドール,2,2:00.2,津村 明秀,55.0
2019_shuka2019,0001218498,シゲルピンクダイヤ,3,2:00.4,和田 竜二,55.0
2019_kikka2019,0000993597,ワールドプレミア,1,3:06.0,武 豊,57.0
2019_kikka2019,0001221390,サトノルークス,2,3:06.0,福永 祐一,57.0
2019_kikka2019,0001221719,ヴェロックス,3,3:06.2,川田 将雅,57.0
2019_akiten2019,0000179122,アーモンドアイ,1,1:56.2,C.ルメール,56.0
2019_akiten2019,0001208294,ダノンプレミアム,2,1:56.7,川田 将雅,58.0
2019_akiten2019,0001192790,アエロリット,3,1:56.7,戸崎 圭太,56.0
2019_eliza2019,0001046864,ラッキーライラック,1,2:14.1,C.スミヨン,56.0
2019_eliza2019,0001172189,クロコスミア,2,2:14.3,藤岡 佑介,56.0
2019_eliza2019,0001221351,ラヴズオンリーユー,3,2:14.3,M.デムーロ,54.0
2019_mile2019,0001206175,インディチャンプ,1,1:33.0,池添 謙一,57.0
2019_mile2019,0001208294,ダノンプレミアム,2,1:33.2,川田 将雅,57.0
2019_mile2019,0001186696,ペルシアンナイト,3,1:33.3,O.マーフィー,57.0
2019_jc2019,0001190059,スワーヴリチャード,1,2:25.9,O.マーフィー,57.0
2019_jc2019,0001221953,カレンブーケドール,2,2:26.0,津村 明秀,53.0
2019_jc2019,0001205273,ワグネリアン,3,2:26.2,川田 将雅,57.0
2019_jcd2019,0000210315,クリソベリル,1,1:48.5,川田 将雅,55.0
2019_jcd2019,0000383330,ゴールドドリーム,2,1:48.5,C.ルメール,57.0
2019_jcd2019,0001189892,インティ,3,1:48.7,武 豊,57.0
2019_hjf2019,0001237289,レシステンシア,1,1:32.7,北村 友一,54.0
2019_hjf2019,0001233139,マルターズディオサ,2,1:33.5,田辺 裕信,54.0
2019_hjf2019,0001237259,クラヴァシュドール,3,1:33.5,藤岡 佑介,54.0
2019_afs2019,0001237164,サリオス,1,1:33.0,R.ムーア,55.0
2019_afs2019,0001233846,タイセイビジョン,2,1:33.4,武 豊,55.0
2019_afs2019,0001234701,グランレイ,3,1:33.6,池添 謙一,55.0
2019_daishogai2019,0001188500,シングンマイケル,1,4:38.9,金子 光希,63.0
2019_daishogai2019,0001187952,ブライトクォーツ,2,4:39.2,熊沢 重文,63.0
2019_daishogai2019,0001169714,メイショウダッサイ,3,4:39.6,森 一馬,63.0
2019_arima2019,0001191589,リスグラシュー,1,2:30.5,D.レーン,55.0
2019_arima2019,0001215724,サートゥルナーリア,2,2:31.3,C.スミヨン,55.0
2019_arima2019,0000993597,ワールドプレミア,3,2:31.4,武 豊,55.0
2019_hopeful2019,0001125261,コントレイル,1,2:01.4,福永 祐一,55.0
2019_hopeful2019,0001233242,ヴェルトライゼンデ,2,2:01.6,O.マーフィー,55.0
2019_hopeful2019,0001237153,ワーケア,3,2:01.9,C.ルメール,55.0
2020_feb2020,0001213491,モズアスコット,1,1:35.2,C.ルメール,57.0
2020_feb2020,0001173259,ケイティブレイブ,2,1:35.6,長岡 禎仁,57.0
2020_feb2020,0001191873,サンライズノヴァ,3,1:35.8,松山 弘平,57.0
2020_takamatsu2020,0001228753,モズスーパーフレア,1,1:08.7,松若 風馬,55.0
2020_takamatsu2020,0001220947,グランアレグリア,2,1:08.7,池添 謙一,55.0
2020_takamatsu2020,0001201716,ダイアトニック,3,1:08.7,北村 友一,57.0
2020_osaka2020,0001046864,ラッキーライラック,1,1:58.4,M.デムーロ,55.0
2020_osaka2020,0001216129,クロノジェネシス,2,1:58.4,北村 友一,55.0
2020_osaka2020,0001221761,ダノンキングリー,3,1:58.5,横山 典弘,57.0
2020_ouka2020,0001236599,デアリングタクト,1,1:36.1,松山 弘平,55.0
2020_ouka2020,0001237289,レシステンシア,2,1:36.3,武 豊,55.0
2020_ouka2020,0001234053,スマイルカナ,3,1:36.6,柴田 大知,55.0
2020_haruten2020,0001204307,フィエールマン,1,3:16.5,C.ルメール,58.0
2020_haruten2020,0001191593,スティッフェリオ,2,3:16.5,北村 友一,58.0
2020_haruten2020,0001188418,ミッキースワロー,3,3:16.9,横山 典弘,58.0
2020_nmc2020,0001235600,ラウダシオン,1,1:32.5,M.デムーロ,57.0
2020_nmc2020,0001237289,レシステンシア,2,1:32.7,C.ルメール,55.0
2020_nmc2020,0001234088,ギルデッドミラー,3,1:32.8,福永 祐一,55.0
2020_victoria2020,0000179122,アーモンドアイ,1,1:30.6,C.ルメール,55.0
2020_victoria2020,0001206439,サウンドキアラ,2,1:31.3,松山 弘平,55.0
2020_victoria2020,0001203281,ノームコア,3,1:31.3,横山 典弘,55.0
2020_oaks2020,0001236599,デアリングタクト,1,2:24.4,松山 弘平,55.0
2020_oaks2020,0001232347,ウインマリリン,2,2:24.5,横山 典弘,55.0
2020_oaks2020,0001229427,ウインマイティー,3,2:24.6,和田 竜二,55.0
2020_derby2020,0001125261,コントレイル,1,2:24.1,福永 祐一,57.0
2020_derby2020,0001237164,サリオス,2,2:24.6,D.レーン,57.0
2020_derby2020,0001233242,ヴェルトライゼンデ,3,2:24.9,池添 謙一,57.0
2020_yasuda2020,0001220947,グランアレグリア,1,1:31.6,池添 謙一,56.0
2020_yasuda2020,0000179122,アーモンドアイ,2,1:32.0,C.ルメール,56.0
2020_yasuda2020,0001206175,インディチャンプ,3,1:32.1,福永 祐一,58.0
2020_takara2020,0001216129,クロノジェネシス,1,2:13.5,北村 友一,56.0
2020_takara2020,0000722114,キセキ,2,2:14.5,武 豊,58.0
2020_takara2020,0001221813,モズベッロ,3,2:15.3,池添 謙一,58.0
2020_sprint2020,0001220947,グランアレグリア,1,1:08.3,C.ルメール,55.0
2020_sprint2020,0001208468,ダノンスマッシュ,2,1:08.6,川田 将雅,57.0
2020_sprint2020,0001218817,アウィルアウェイ,3,1:08.7,松山 弘平,55.0
2020_shuka2020,0001236599,デアリングタクト,1,2:00.6,松山 弘平,55.0
2020_shuka2020,0001232191,マジックキャッスル,2,2:00.8,大野 拓弥,55.0
2020_shuka2020,0001231126,ソフトフルート,3,2:00.9,藤岡 康太,55.0
2020_kikka2020,0001125261,コントレイル,1,3:05.5,福永 祐一,57.0
2020_kikka2020,0000060957,アリストテレス,2,3:05.5,C.ルメール,57.0
2020_kikka2020,0001237091,サトノフラッグ,3,3:06.1,戸崎 圭太,57.0
2020_akiten2020,0000179122,アーモンドアイ,1,1:57.8,C.ルメール,56.0
2020_akiten2020,0001204307,フィエールマン,2,1:57.9,福永 祐一,58.0
2020_akiten2020,0001216129,クロノジェネシス,3,1:57.9,北村 友一,56.0
2020_eliza2020,0001046864,ラッキーライラック,1,2:10.3,C.ルメール,56.0
2020_eliza2020,0001208435,サラキア,2,2:10.4,北村 友一,56.0
2020_eliza2020,0001221351,ラヴズオンリーユー,3,2:10.4,M.デムーロ,56.0
2020_mile2020,0001220947,グランアレグリア,1,1:32.0,C.ルメール,55.0
2020_mile2020,0001206175,インディチャンプ,2,1:32.1,福永 祐一,57.0
2020_mile2020,0001221956,アドマイヤマーズ,3,1:32.2,川田 将雅,57.0
2020_jc2020,0000179122,アーモンドアイ,1,2:23.0,C.ルメール,55.0
2020_jc2020,0001125261,コントレイル,2,2:23.2,福永 祐一,55.0
2020_jc2020,0001236599,デアリングタクト,3,2:23.2,松山 弘平,53.0
2020_jcd2020,0001206350,チュウワウィザード,1,1:49.3,戸崎 圭太,57.0
2020_jcd2020,0000383330,ゴールドドリーム,2,1:49.7,和田 竜二,57.0
2020_jcd2020,0001189892,インティ,3,1:49.7,武 豊,57.0
2020_hjf2020,0001270006,ソダシ,1,1:33.1,吉田 隼人,54.0
2020_hjf2020,0001269505,サトノレイナス,2,1:33.1,C.ルメール,54.0
2020_hjf2020,0001265661,ユーバーレーベン,3,1:33.2,M.デムーロ,54.0
2020_afs2020,0001296553,グレナディアガーズ,1,1:32.3,川田 将雅,55.0
2020_afs2020,0001268890,ステラヴェローチェ,2,1:32.4,横山 典弘,55.0
2020_afs2020,0001268970,レッドベルオーブ,3,1:32.7,福永 祐一,55.0
2020_daishogai2020,0001169714,メイショウダッサイ,1,4:40.7,森 一馬,63.0
2020_daishogai2020,0001168835,ケンホファヴァルト,2,4:41.0,熊沢 重文,63.0
2020_daishogai2020,0001156668,タガノエスプレッソ,3,4:41.0,平沢 健治,63.0
2020_hopeful2020,0001269426,ダノンザキッド,1,2:02.8,川田 将雅,55.0
2020_hopeful2020,0001270769,オーソクレース,2,2:03.0,C.ルメール,55.0
2020_hopeful2020,0001262639,ヨーホーレイク,3,2:03.1,武 豊,55.0
2020_arima2020,0001216129,クロノジェネシス,1,2:35.0,北村 友一,55.0
2020_arima2020,0001208435,サラキア,2,2:35.0,松山 弘平,55.0
2020_arima2020,0001204307,フィエールマン,3,2:35.1,C.ルメール,57.0
2016_feb2016,0000151981,モーニン,1,Ｍ．デムーロ,,57.0
2016_feb2016,0001153787,ノンコノユメ,2,Ｃ．ルメール,,57.0
2016_feb2016,0001139940,アスカノロマン,3,太宰啓介,,57.0
2016_takamatsu2016,0001142673,ビッグアーサー,1,福永祐一,,57.0
2016_takamatsu2016,0001141719,ミッキーアイル,2,松山弘平,,57.0
2016_takamatsu2016,0001193373,アルビアーノ,3,Ｃ．ルメール,,55.0
2016_ouka2016,0001168877,ジュエラー,1,Ｍ．デムーロ,,55.0
2016_ouka2016,0001171890,シンハライト,2,池添謙一,,55.0
2016_ouka2016,0001171117,アットザシーサイド,3,福永祐一,,55.0
2016_ngj2016,0001141176,オジュウチョウサン,1,石神深一,,63.0
2016_ngj2016,0001109032,サナシオン,2,西谷誠,,63.0
2016_ngj2016,0000704945,メイショウアラワシ,3,森一馬,,63.0
2016_satsuki2016,0001167517,ディーマジェスティ,1,蛯名正義,,57.0
2016_satsuki2016,0001171707,マカヒキ,2,川田将雅,,57.0
2016_satsuki2016,0001175221,サトノダイヤモンド,3,Ｃ．ルメール,,57.0
2016_haruten2016,0000228602,キタサンブラック,1,武豊,,58.0
2016_haruten2016,0001091552,カレンミロティック,2,池添謙一,,58.0
2016_haruten2016,0001152403,シュヴァルグラン,3,福永祐一,,58.0
2016_nmc2016,0001170864,メジャーエンブレム,1,Ｃ．ルメール,,55.0
2016_nmc2016,0001171199,ロードクエスト,2,池添謙一,,57.0
2016_nmc2016,0000311979,レインボーライン,3,福永祐一,,57.0
2016_victoria2016,0001108396,ストレイトガール,1,戸崎圭太,,55.0
2016_victoria2016,0000020924,ミッキークイーン,2,浜中俊,,55.0
2016_victoria2016,0001140190,ショウナンパンドラ,3,池添謙一,,55.0
2016_oaks2016,0001171890,シンハライト,1,池添謙一,,55.0
2016_oaks2016,0001167301,チェッキーノ,2,戸崎圭太,,55.0
2016_oaks2016,0001173810,ビッシュ,3,Ｍ．デムーロ,,55.0
2016_derby2016,0001171707,マカヒキ,1,川田将雅,,57.0
2016_derby2016,0001175221,サトノダイヤモンド,2,Ｃ．ルメール,,57.0
2016_derby2016,0001167517,ディーマジェスティ,3,蛯名正義,,57.0
2016_yasuda2016,0001124405,ロゴタイプ,1,田辺裕信,,58.0
2016_yasuda2016,0000000736,モーリス,2,Ｔ．ベリー,,58.0
2016_yasuda2016,0001110959,フィエロ,3,内田博幸,,58.0
2016_takara2016,0001139058,マリアライト,1,蛯名正義,,56.0
2016_takara2016,0001151936,ドゥラメンテ,2,Ｍ．デムーロ,,58.0
2016_takara2016,0000228602,キタサンブラック,3,武豊,,58.0
2016_sprint2016,0001134867,レッドファルクス,1,Ｍ．デムーロ,,57.0
2016_sprint2016,0001141719,ミッキーアイル,2,松山弘平,,57.0
2016_sprint2016,0001172122,ソルヴェイグ,3,田辺裕信,,53.0
2016_shuka2016,0001169235,ヴィブロス,1,福永祐一,,55.0
2016_shuka2016,0001167762,パールコード,2,川田将雅,,55.0
2016_shuka2016,0001169180,カイザーバル,3,四位洋文,,55.0
2016_kikka2016,0001175221,サトノダイヤモンド,1,Ｃ．ルメール,,57.0
2016_kikka2016,0000311979,レインボーライン,2,福永祐一,,57.0
2016_kikka2016,0001170160,エアスピネル,3,武豊,,57.0
2016_akiten2016,0000000736,モーリス,1,Ｒ．ムーア,,58.0
2016_akiten2016,0001157711,リアルスティール,2,Ｍ．デムーロ,,58.0
2016_akiten2016,0001141375,ステファノス,3,川田将雅,,58.0
2016_eliza2016,0001156107,クイーンズリング,1,Ｍ．デムーロ,,56.0
2016_eliza2016,0001155420,シングウィズジョイ,2,Ｃ．ルメール,,56.0
2016_eliza2016,0000020924,ミッキークイーン,3,浜中俊,,56.0
2016_mile2016,0001141719,ミッキーアイル,1,浜中俊,,57.0
2016_mile2016,0001142398,イスラボニータ,2,Ｃ．ルメール,,57.0
2016_mile2016,0001133915,ネオリアリズム,3,Ｒ．ムーア,,57.0
2016_jc2016,0000228602,キタサンブラック,1,武豊,,57.0
2016_jc2016,0001140030,サウンズオブアース,2,Ｍ．デムーロ,,57.0
2016_jc2016,0001152403,シュヴァルグラン,3,福永祐一,,57.0
2016_jcd2016,0001119786,サウンドトゥルー,1,大野拓弥,,57.0
2016_jcd2016,0001122413,アウォーディー,2,武豊,,57.0
2016_jcd2016,0001139940,アスカノロマン,3,和田竜二,,57.0
2016_hjf2016,0001194124,ソウルスターリング,1,Ｃ．ルメール,,54.0
2016_hjf2016,0001191589,リスグラシュー,2,戸崎圭太,,54.0
2016_hjf2016,0001185478,レーヌミノル,3,蛯名正義,,54.0
2016_afs2016,0001189935,サトノアレス,1,四位洋文,,55.0
2016_afs2016,0001186187,モンドキャンノ,2,Ｍ．バルザローナ,,55.0
2016_afs2016,0001186226,ボンセルヴィーソ,3,松山弘平,,55.0
2016_daishogai2016,0001141176,オジュウチョウサン,1,石神深一,,63.0
2016_daishogai2016,0000270788,アップトゥデイト,2,林満明,,63.0
2016_daishogai2016,0001119919,ルペールノエル,3,高田潤,,63.0
2016_arima2016,0001175221,サトノダイヤモンド,1,Ｃ．ルメール,,55.0
2016_arima2016,0000228602,キタサンブラック,2,武豊,,57.0
2016_arima2016,0001136428,ゴールドアクター,3,吉田隼人,,57.0
