race_id,year,date,race_name,track,grade,surface,distance,url
2005_feb2005,2005,"騎手・調教師データリーディング情報競走馬検索レース成績データ重賞レース一覧成績表（PDF）サマーシリーズＷＡＳＪレーティング&ランキング中央競馬レコードタイム表払戻金ランキング競走馬登録馬名簿・馬名意味競走馬登録・抹消一覧達成間近な記録重賞レース一覧（GI） 2005年年度選択2026年2025年2024年2023年2022年2021年2020年2019年2018年2017年2016年2015年2014年2013年2012年2011年2010年2009年2008年2007年2006年2005年2004年2003年2002年レース名をクリックすると各GI レースごとの過去成績をご覧いただけます。月/日レース名場コース優勝馬騎手結果2/20フェブラリーＳ東京ダ1,600mメイショウボーラー福永　祐一3/27高松宮記念中京芝1,200mアドマイヤマックス武　豊4/10桜花賞阪神芝1,600mラインクラフト福永　祐一4/16中山グランドジャンプ中山障4,250mカラジＢ．スコット4/17皐月賞中山芝2,000mディープインパクト武　豊5/1天皇賞（春）京都芝3,200mスズカマンボ安藤　勝己5/8ＮＨＫマイルＣ東京芝1,600mラインクラフト福永　祐一5/22オークス東京芝2,400mシーザリオ福永　祐一5/29日本ダービー東京芝2,400mディープインパクト武　豊6/5安田記念東京芝1,600mアサクサデンエン藤田　伸二6/26宝塚記念阪神芝2,200mスイープトウショウ池添　謙一10/2スプリンターズＳ中山芝1,200mサイレントウィットネスＦ．コーツィー10/16秋華賞京都芝2,000mエアメサイア武　豊10/23菊花賞京都芝3,000mディープインパクト武　豊10/30天皇賞（秋）東京芝2,000mヘヴンリーロマンス松永　幹夫11/13エリザベス女王杯京都芝2,200mスイープトウショウ池添　謙一11/20マイルチャンピオンシップ京都芝1,600mハットトリックＯ．ペリエ11/26ジャパンＣダート東京ダ2,100mカネヒキリ武　豊11/27ジャパンＣ東京芝2,400mアルカセットＬ．デットーリ12/4阪神ジュベナイルＦ阪神芝1,600mテイエムプリキュア熊沢　重文12/11朝日杯フューチュリティＳ中山芝1,600mフサイチリシャール福永　祐一12/24中山大障害中山障4,100mテイエムドラゴン白浜　雄造12/25有馬記念中山芝2,500mハーツクライＣ．ルメール",,騎手・調教師データリーディング情報競走馬検索レース成績データ重賞レース一覧成績表（PDF）サマーシリーズＷＡＳＪレーティング&ランキング中央競馬レコードタイム表払戻金ランキング競走馬登録馬名簿・馬名意味競走馬登録・抹消一覧達成間近な記録,G1,Dirt,2005,https://www.jra.go.jp/datafile/seiseki/g1/feb/result/feb2005.html
2005_takamatsu2005,2005,3/27,高松宮記念,中京,G1,Turf,1200,https://www.jra.go.jp/datafile/seiseki/g1/takamatsu/result/takamatsu2005.html
2005_ouka2005,2005,4/10,桜花賞,阪神,G1,Turf,1600,https://www.jra.go.jp/datafile/seiseki/g1/ouka/result/ouka2005.html
2005_ngj2005,2005,4/16,中山グランドジャンプ,中山,G1,Obstacle,4250,https://www.jra.go.jp/datafile/seiseki/g1/ngj/result/ngj2005.html
2005_satsuki2005,2005,4/17,皐月賞,中山,G1,Turf,2000,https://www.jra.go.jp/datafile/seiseki/g1/satsuki/result/satsuki2005.html
2005_haruten2005,2005,5/1,天皇賞（春）,京都,G1,Turf,3200,https://www.jra.go.jp/datafile/seiseki/g1/haruten/result/haruten2005.html
2005_nmc2005,2005,5/8,ＮＨＫマイルＣ,東京,G1,Turf,1600,https://www.jra.go.jp/datafile/seiseki/g1/nmc/result/nmc2005.html
2005_oaks2005,2005,5/22,オークス,東京,G1,Turf,2400,https://www.jra.go.jp/datafile/seiseki/g1/oaks/result/oaks2005.html
2005_derby2005,2005,5/29,日本ダービー,東京,G1,Turf,2400,https://www.jra.go.jp/datafile/seiseki/g1/derby/result/derby2005.html
2005_yasuda2005,2005,6/5,安田記念,東京,G1,Turf,1600,https://www.jra.go.jp/datafile/seiseki/g1/yasuda/result/yasuda2005.html
2005_takara2005,2005,6/26,宝塚記念,阪神,G1,Turf,2200,https://www.jra.go.jp/datafile/seiseki/g1/takara/result/takara2005.html
2005_sprint2005,2005,10/2,スプリンターズＳ,中山,G1,Turf,1200,https://www.jra.go.jp/datafile/seiseki/g1/sprint/result/sprint2005.html
2005_shuka2005,2005,10/16,秋華賞,京都,G1,Turf,2000,https://www.jra.go.jp/datafile/seiseki/g1/shuka/result/shuka2005.html
2005_kikka2005,2005,10/23,菊花賞,京都,G1,Turf,3000,https://www.jra.go.jp/datafile/seiseki/g1/kikka/result/kikka2005.html
2005_akiten2005,2005,10/30,天皇賞（秋）,東京,G1,Turf,2000,https://www.jra.go.jp/datafile/seiseki/g1/akiten/result/akiten2005.html
2005_eliza2005,2005,11/13,エリザベス女王杯,京都,G1,Turf,2200,https://www.jra.go.jp/datafile/seiseki/g1/eliza/result/eliza2005.html
2005_mile2005,2005,11/20,マイルチャンピオンシップ,京都,G1,Turf,1600,https://www.jra.go.jp/datafile/seiseki/g1/mile/result/mile2005.html
2005_jcd2005,2005,11/26,ジャパンＣダート,東京,G1,Dirt,2100,https://www.jra.go.jp/datafile/seiseki/g1/jcd/result/jcd2005.html
2005_jc2005,2005,11/27,ジャパンＣ,東京,G1,Turf,2400,https://www.jra.go.jp/datafile/seiseki/g1/jc/result/jc2005.html
2005_hjf2005,2005,12/4,阪神ジュベナイルＦ,阪神,G1,Turf,1600,https://www.jra.go.jp/datafile/seiseki/g1/hjf/result/hjf2005.html
2005_afs2005,2005,12/11,朝日杯フューチュリティＳ,中山,G1,Turf,1600,https://www.jra.go.jp/datafile/seiseki/g1/afs/result/afs2005.html
2005_daishogai2005,2005,12/24,中山大障害,中山,G1,Obstacle,4100,https://www.jra.go.jp/datafile/seiseki/g1/daishogai/result/daishogai2005.html
2005_arima2005,2005,12/25,有馬記念,中山,G1,Turf,2500,https://www.jra.go.jp/datafile/seiseki/g1/arima/result/arima2005.html
2002_feb2002,2002,2/17,フェブラリーＳ,東京,G1,Dirt,1600,https://www.jra.go.jp/datafile/seiseki/g1/feb/result/feb2002.html
2002_takamatsu2002,2002,3/24,高松宮記念,中京,G1,Turf,1200,https://www.jra.go.jp/datafile/seiseki/g1/takamatsu/result/takamatsu2002.html
2002_ouka2002,2002,4/7,桜花賞,阪神,G1,Turf,1600,https://www.jra.go.jp/datafile/seiseki/g1/ouka/result/ouka2002.html
2002_ngj2002,2002,4/13,中山グランドジャンプ,中山,G1,Obstacle,4250,https://www.jra.go.jp/datafile/seiseki/g1/ngj/result/ngj2002.html
2002_satsuki2002,2002,4/14,皐月賞,中山,G1,Turf,2000,https://www.jra.go.jp/datafile/seiseki/g1/satsuki/result/satsuki2002.html
2002_haruten2002,2002,4/28,天皇賞（春）,京都,G1,Turf,3200,https://www.jra.go.jp/datafile/seiseki/g1/haruten/result/haruten2002.html
2002_nmc2002,2002,5/4,ＮＨＫマイルＣ,東京,G1,Turf,1600,https://www.jra.go.jp/datafile/seiseki/g1/nmc/result/nmc2002.html
2002_oaks2002,2002,5/19,オークス,東京,G1,Turf,2400,https://www.jra.go.jp/datafile/seiseki/g1/oaks/result/oaks2002.html
2002_derby2002,2002,5/26,日本ダービー,東京,G1,Turf,2400,https://www.jra.go.jp/datafile/seiseki/g1/derby/result/derby2002.html
2002_yasuda2002,2002,6/2,安田記念,東京,G1,Turf,1600,https://www.jra.go.jp/datafile/seiseki/g1/yasuda/result/yasuda2002.html
2002_takara2002,2002,6/23,宝塚記念,阪神,G1,Turf,2200,https://www.jra.go.jp/datafile/seiseki/g1/takara/result/takara2002.html
2002_sprint2002,2002,9/29,スプリンターズＳ,新潟,G1,Turf,1200,https://www.jra.go.jp/datafile/seiseki/g1/sprint/result/sprint2002.html
2002_shuka2002,2002,10/13,秋華賞,京都,G1,Turf,2000,https://www.jra.go.jp/datafile/seiseki/g1/shuka/result/shuka2002.html
2002_kikka2002,2002,10/20,菊花賞,京都,G1,Turf,3000,https://www.jra.go.jp/datafile/seiseki/g1/kikka/result/kikka2002.html
2002_akiten2002,2002,10/27,天皇賞（秋）,中山,G1,Turf,2000,https://www.jra.go.jp/datafile/seiseki/g1/akiten/result/akiten2002.html
2002_eliza2002,2002,11/10,エリザベス女王杯,京都,G1,Turf,2200,https://www.jra.go.jp/datafile/seiseki/g1/eliza/result/eliza2002.html
2002_mile2002,2002,11/17,マイルチャンピオンシップ,京都,G1,Turf,1600,https://www.jra.go.jp/datafile/seiseki/g1/mile/result/mile2002.html
2002_jcd2002,2002,11/23,ジャパンＣダート,中山,G1,Dirt,1800,https://www.jra.go.jp/datafile/seiseki/g1/jcd/result/jcd2002.html
2002_jc2002,2002,11/24,ジャパンＣ,中山,G1,Turf,2200,https://www.jra.go.jp/datafile/seiseki/g1/jc/result/jc2002.html
2002_hjf2002,2002,12/1,阪神ジュベナイルＦ,阪神,G1,Turf,1600,https://www.jra.go.jp/datafile/seiseki/g1/hjf/result/hjf2002.html
2002_afs2002,2002,12/8,朝日杯フューチュリティＳ,中山,G1,Turf,1600,https://www.jra.go.jp/datafile/seiseki/g1/afs/result/afs2002.html
2002_daishogai2002,2002,12/21,中山大障害,中山,G1,Obstacle,4100,https://www.jra.go.jp/datafile/seiseki/g1/daishogai/result/daishogai2002.html
2002_arima2002,2002,12/22,有馬記念,中山,G1,Turf,2500,https://www.jra.go.jp/datafile/seiseki/g1/arima/result/arima2002.html
2003_feb2003,2003,2/23,フェブラリーＳ,中山,G1,Dirt,1800,https://www.jra.go.jp/datafile/seiseki/g1/feb/result/feb2003.html
2003_takamatsu2003,2003,3/30,高松宮記念,中京,G1,Turf,1200,https://www.jra.go.jp/datafile/seiseki/g1/takamatsu/result/takamatsu2003.html
2003_ouka2003,2003,4/13,桜花賞,阪神,G1,Turf,1600,https://www.jra.go.jp/datafile/seiseki/g1/ouka/result/ouka2003.html
2003_ngj2003,2003,4/19,中山グランドジャンプ,中山,G1,Obstacle,4250,https://www.jra.go.jp/datafile/seiseki/g1/ngj/result/ngj2003.html
2003_satsuki2003,2003,4/20,皐月賞,中山,G1,Turf,2000,https://www.jra.go.jp/datafile/seiseki/g1/satsuki/result/satsuki2003.html
2003_haruten2003,2003,5/4,天皇賞（春）,京都,G1,Turf,3200,https://www.jra.go.jp/datafile/seiseki/g1/haruten/result/haruten2003.html
2003_nmc2003,2003,5/11,ＮＨＫマイルＣ,東京,G1,Turf,1600,https://www.jra.go.jp/datafile/seiseki/g1/nmc/result/nmc2003.html
2003_oaks2003,2003,5/25,オークス,東京,G1,Turf,2400,https://www.jra.go.jp/datafile/seiseki/g1/oaks/result/oaks2003.html
2003_derby2003,2003,6/1,日本ダービー,東京,G1,Turf,2400,https://www.jra.go.jp/datafile/seiseki/g1/derby/result/derby2003.html
2003_yasuda2003,2003,6/8,安田記念,東京,G1,Turf,1600,https://www.jra.go.jp/datafile/seiseki/g1/yasuda/result/yasuda2003.html
2003_takara2003,2003,6/29,宝塚記念,阪神,G1,Turf,2200,https://www.jra.go.jp/datafile/seiseki/g1/takara/result/takara2003.html
2003_sprint2003,2003,10/5,スプリンターズＳ,中山,G1,Turf,1200,https://www.jra.go.jp/datafile/seiseki/g1/sprint/result/sprint2003.html
2003_shuka2003,2003,10/19,秋華賞,京都,G1,Turf,2000,https://www.jra.go.jp/datafile/seiseki/g1/shuka/result/shuka2003.html
2003_kikka2003,2003,10/26,菊花賞,京都,G1,Turf,3000,https://www.jra.go.jp/datafile/seiseki/g1/kikka/result/kikka2003.html
2003_akiten2003,2003,11/2,天皇賞（秋）,東京,G1,Turf,2000,https://www.jra.go.jp/datafile/seiseki/g1/akiten/result/akiten2003.html
2003_eliza2003,2003,11/16,エリザベス女王杯,京都,G1,Turf,2200,https://www.jra.go.jp/datafile/seiseki/g1/eliza/result/eliza2003.html
2003_mile2003,2003,11/23,マイルチャンピオンシップ,京都,G1,Turf,1600,https://www.jra.go.jp/datafile/seiseki/g1/mile/result/mile2003.html
2003_jcd2003,2003,11/29,ジャパンＣダート,東京,G1,Dirt,2100,https://www.jra.go.jp/datafile/seiseki/g1/jcd/result/jcd2003.html
2003_jc2003,2003,11/30,ジャパンＣ,東京,G1,Turf,2400,https://www.jra.go.jp/datafile/seiseki/g1/jc/result/jc2003.html
2003_hjf2003,2003,12/7,阪神ジュベナイルF,阪神,G1,Turf,1600,https://www.jra.go.jp/datafile/seiseki/g1/hjf/result/hjf2003.html
2003_afs2003,2003,12/14,朝日杯フューチュリティＳ,中山,G1,Turf,1600,https://www.jra.go.jp/datafile/seiseki/g1/afs/result/afs2003.html
2003_arima2003,2003,12/28,有馬記念,中山,G1,Turf,2500,https://www.jra.go.jp/datafile/seiseki/g1/arima/result/arima2003.html
2004_race_1,2004,1/10,中山大障害,中山,G1,Obstacle,4100,https://www.jra.go.jp/datafile/seiseki/g1/daishogai/result/daishogai2004_1.html
2004_feb2004,2004,2/22,フェブラリーＳ,東京,G1,Dirt,1600,https://www.jra.go.jp/datafile/seiseki/g1/feb/result/feb2004.html
2004_takamatsu2004,2004,3/28,高松宮記念,中京,G1,Turf,1200,https://www.jra.go.jp/datafile/seiseki/g1/takamatsu/result/takamatsu2004.html
2004_ouka2004,2004,4/11,桜花賞,阪神,G1,Turf,1600,https://www.jra.go.jp/datafile/seiseki/g1/ouka/result/ouka2004.html
2004_ngj2004,2004,4/17,中山グランドジャンプ,中山,G1,Obstacle,4250,https://www.jra.go.jp/datafile/seiseki/g1/ngj/result/ngj2004.html
2004_satsuki2004,2004,4/18,皐月賞,中山,G1,Turf,2000,https://www.jra.go.jp/datafile/seiseki/g1/satsuki/result/satsuki2004.html
2004_haruten2004,2004,5/2,天皇賞（春）,京都,G1,Turf,3200,https://www.jra.go.jp/datafile/seiseki/g1/haruten/result/haruten2004.html
2004_nmc2004,2004,5/9,ＮＨＫマイルＣ,東京,G1,Turf,1600,https://www.jra.go.jp/datafile/seiseki/g1/nmc/result/nmc2004.html
2004_oaks2004,2004,5/23,オークス,東京,G1,Turf,2400,https://www.jra.go.jp/datafile/seiseki/g1/oaks/result/oaks2004.html
2004_derby2004,2004,5/30,日本ダービー,東京,G1,Turf,2400,https://www.jra.go.jp/datafile/seiseki/g1/derby/result/derby2004.html
2004_yasuda2004,2004,6/6,安田記念,東京,G1,Turf,1600,https://www.jra.go.jp/datafile/seiseki/g1/yasuda/result/yasuda2004.html
2004_takara2004,2004,6/27,宝塚記念,阪神,G1,Turf,2200,https://www.jra.go.jp/datafile/seiseki/g1/takara/result/takara2004.html
2004_sprint2004,2004,10/3,スプリンターズＳ,中山,G1,Turf,1200,https://www.jra.go.jp/datafile/seiseki/g1/sprint/result/sprint2004.html
2004_shuka2004,2004,10/17,秋華賞,京都,G1,Turf,2000,https://www.jra.go.jp/datafile/seiseki/g1/shuka/result/shuka2004.html
2004_kikka2004,2004,10/24,菊花賞,京都,G1,Turf,3000,https://www.jra.go.jp/datafile/seiseki/g1/kikka/result/kikka2004.html
2004_akiten2004,2004,10/31,天皇賞（秋）,東京,G1,Turf,2000,https://www.jra.go.jp/datafile/seiseki/g1/akiten/result/akiten2004.html
2004_eliza2004,2004,11/14,エリザベス女王杯,京都,G1,Turf,2200,https://www.jra.go.jp/datafile/seiseki/g1/eliza/result/eliza2004.html
2004_mile2004,2004,11/21,マイルチャンピオンシップ,京都,G1,Turf,1600,https://www.jra.go.jp/datafile/seiseki/g1/mile/result/mile2004.html
2004_jcd2004,2004,11/28,ジャパンＣダート,東京,G1,Dirt,2100,https://www.jra.go.jp/datafile/seiseki/g1/jcd/result/jcd2004.html
2004_jc2004,2004,11/28,ジャパンＣ,東京,G1,Turf,2400,https://www.jra.go.jp/datafile/seiseki/g1/jc/result/jc2004.html
2004_hjf2004,2004,12/5,阪神ジュベナイルＦ,阪神,G1,Turf,1600,https://www.jra.go.jp/datafile/seiseki/g1/hjf/result/hjf2004.html
2004_afs2004,2004,12/12,朝日杯フューチュリティＳ,中山,G1,Turf,1600,https://www.jra.go.jp/datafile/seiseki/g1/afs/result/afs2004.html
2004_race_23,2004,12/25,中山大障害,中山,G1,Obstacle,4100,https://www.jra.go.jp/datafile/seiseki/g1/daishogai/result/daishogai2004_2.html
2004_arima2004,2004,12/26,有馬記念,中山,G1,Turf,2500,https://www.jra.go.jp/datafile/seiseki/g1/arima/result/arima2004.html
2006_feb2006,2006,2/19,フェブラリーＳ,東京,G1,Dirt,1600,https://www.jra.go.jp/datafile/seiseki/g1/feb/result/feb2006.html
2006_takamatsu2006,2006,3/26,高松宮記念,中京,G1,Turf,1200,https://www.jra.go.jp/datafile/seiseki/g1/takamatsu/result/takamatsu2006.html
2006_ouka2006,2006,4/9,桜花賞,阪神,G1,Turf,1600,https://www.jra.go.jp/datafile/seiseki/g1/ouka/result/ouka2006.html
2006_ngj2006,2006,4/15,中山グランドジャンプ,中山,G1,Obstacle,4250,https://www.jra.go.jp/datafile/seiseki/g1/ngj/result/ngj2006.html
2006_satsuki2006,2006,4/16,皐月賞,中山,G1,Turf,2000,https://www.jra.go.jp/datafile/seiseki/g1/satsuki/result/satsuki2006.html
2006_haruten2006,2006,4/30,天皇賞（春）,京都,G1,Turf,3200,https://www.jra.go.jp/datafile/seiseki/g1/haruten/result/haruten2006.html
2006_nmc2006,2006,5/7,ＮＨＫマイルＣ,東京,G1,Turf,1600,https://www.jra.go.jp/datafile/seiseki/g1/nmc/result/nmc2006.html
2006_victoria2006,2006,5/14,ヴィクトリアマイル,東京,G1,Turf,1600,https://www.jra.go.jp/datafile/seiseki/g1/victoria/result/victoria2006.html
2006_oaks2006,2006,5/21,オークス,東京,G1,Turf,2400,https://www.jra.go.jp/datafile/seiseki/g1/oaks/result/oaks2006.html
2006_derby2006,2006,5/28,日本ダービー,東京,G1,Turf,2400,https://www.jra.go.jp/datafile/seiseki/g1/derby/result/derby2006.html
2006_yasuda2006,2006,6/4,安田記念,東京,G1,Turf,1600,https://www.jra.go.jp/datafile/seiseki/g1/yasuda/result/yasuda2006.html
2006_takara2006,2006,6/25,宝塚記念,京都,G1,Turf,2200,https://www.jra.go.jp/datafile/seiseki/g1/takara/result/takara2006.html
2006_sprint2006,2006,10/1,スプリンターズＳ,中山,G1,Turf,1200,https://www.jra.go.jp/datafile/seiseki/g1/sprint/result/sprint2006.html
2006_shuka2006,2006,10/15,秋華賞,京都,G1,Turf,2000,https://www.jra.go.jp/datafile/seiseki/g1/shuka/result/shuka2006.html
2006_kikka2006,2006,10/22,菊花賞,京都,G1,Turf,3000,https://www.jra.go.jp/datafile/seiseki/g1/kikka/result/kikka2006.html
2006_akiten2006,2006,10/29,天皇賞（秋）,東京,G1,Turf,2000,https://www.jra.go.jp/datafile/seiseki/g1/akiten/result/akiten2006.html
2006_eliza2006,2006,11/12,エリザベス女王杯,京都,G1,Turf,2200,https://www.jra.go.jp/datafile/seiseki/g1/eliza/result/eliza2006.html
2006_mile2006,2006,11/19,マイルチャンピオンシップ,京都,G1,Turf,1600,https://www.jra.go.jp/datafile/seiseki/g1/mile/result/mile2006.html
2006_jcd2006,2006,11/25,ジャパンＣダート,東京,G1,Dirt,2100,https://www.jra.go.jp/datafile/seiseki/g1/jcd/result/jcd2006.html
2006_jc2006,2006,11/26,ジャパンＣ,東京,G1,Turf,2400,https://www.jra.go.jp/datafile/seiseki/g1/jc/result/jc2006.html
2006_hjf2006,2006,12/3,阪神ジュベナイルＦ,阪神,G1,Turf,1600,https://www.jra.go.jp/datafile/seiseki/g1/hjf/result/hjf2006.html
2006_afs2006,2006,12/10,朝日杯フューチュリティＳ,中山,G1,Turf,1600,https://www.jra.go.jp/datafile/seiseki/g1/afs/result/afs2006.html
2006_daishogai2006,2006,12/23,中山大障害,中山,G1,Obstacle,4100,https://www.jra.go.jp/datafile/seiseki/g1/daishogai/result/daishogai2006.html
2006_arima2006,2006,12/24,有馬記念,中山,G1,Turf,2500,https://www.jra.go.jp/datafile/seiseki/g1/arima/result/arima2006.html
2007_feb2007,2007,2/18（日）,フェブラリーＳ,東京,G1,Dirt,1600,https://www.jra.go.jp/datafile/seiseki/g1/feb/result/feb2007.html
2007_takamatsu2007,2007,3/25（日）,高松宮記念,中京,G1,Turf,1200,https://www.jra.go.jp/datafile/seiseki/g1/takamatsu/result/takamatsu2007.html
2007_ouka2007,2007,4/8（日）,桜花賞,阪神,G1,Turf,1600,https://www.jra.go.jp/datafile/seiseki/g1/ouka/result/ouka2007.html
2007_ngj2007,2007,4/14（土）,中山グランドジャンプ,中山,G1,Obstacle,4250,https://www.jra.go.jp/datafile/seiseki/g1/ngj/result/ngj2007.html
2007_satsuki2007,2007,4/15（日）,皐月賞,中山,G1,Turf,2000,https://www.jra.go.jp/datafile/seiseki/g1/satsuki/result/satsuki2007.html
2007_haruten2007,2007,4/29（祝・日）,天皇賞（春）,京都,G1,Turf,3200,https://www.jra.go.jp/datafile/seiseki/g1/haruten/result/haruten2007.html
2007_nmc2007,2007,5/6（日）,ＮＨＫマイルＣ,東京,G1,Turf,1600,https://www.jra.go.jp/datafile/seiseki/g1/nmc/result/nmc2007.html
2007_victoria2007,2007,5/13（日）,ヴィクトリアマイル,東京,G1,Turf,1600,https://www.jra.go.jp/datafile/seiseki/g1/victoria/result/victoria2007.html
2007_oaks2007,2007,5/20（日）,オークス,東京,G1,Turf,2400,https://www.jra.go.jp/datafile/seiseki/g1/oaks/result/oaks2007.html
2007_derby2007,2007,5/27（日）,日本ダービー,東京,G1,Turf,2400,https://www.jra.go.jp/datafile/seiseki/g1/derby/result/derby2007.html
2007_yasuda2007,2007,6/3（日）,安田記念,東京,G1,Turf,1600,https://www.jra.go.jp/datafile/seiseki/g1/yasuda/result/yasuda2007.html
2007_takara2007,2007,6/24（日）,宝塚記念,阪神,G1,Turf,2200,https://www.jra.go.jp/datafile/seiseki/g1/takara/result/takara2007.html
2007_sprint2007,2007,9/30（日）,スプリンターズＳ,中山,G1,Turf,1200,https://www.jra.go.jp/datafile/seiseki/g1/sprint/result/sprint2007.html
2007_shuka2007,2007,10/14（日）,秋華賞,京都,G1,Turf,2000,https://www.jra.go.jp/datafile/seiseki/g1/shuka/result/shuka2007.html
2007_kikka2007,2007,10/21（日）,菊花賞,京都,G1,Turf,3000,https://www.jra.go.jp/datafile/seiseki/g1/kikka/result/kikka2007.html
2007_akiten2007,2007,10/28（日）,天皇賞（秋）,東京,G1,Turf,2000,https://www.jra.go.jp/datafile/seiseki/g1/akiten/result/akiten2007.html
2007_eliza2007,2007,11/11（日）,エリザベス女王杯,京都,G1,Turf,2200,https://www.jra.go.jp/datafile/seiseki/g1/eliza/result/eliza2007.html
2007_mile2007,2007,11/18（日）,マイルチャンピオンシップ,京都,G1,Turf,1600,https://www.jra.go.jp/datafile/seiseki/g1/mile/result/mile2007.html
2007_jcd2007,2007,11/24（土）,ジャパンＣダート,東京,G1,Dirt,2100,https://www.jra.go.jp/datafile/seiseki/g1/jcd/result/jcd2007.html
2007_jc2007,2007,11/25（日）,ジャパンＣ,東京,G1,Turf,2400,https://www.jra.go.jp/datafile/seiseki/g1/jc/result/jc2007.html
2007_hjf2007,2007,12/2（日）,阪神ジュベナイルＦ,阪神,G1,Turf,1600,https://www.jra.go.jp/datafile/seiseki/g1/hjf/result/hjf2007.html
2007_afs2007,2007,12/9（日）,朝日杯フューチュリティＳ,中山,G1,Turf,1600,https://www.jra.go.jp/datafile/seiseki/g1/afs/result/afs2007.html
2007_daishogai2007,2007,12/22（土）,中山大障害,中山,G1,Obstacle,4100,https://www.jra.go.jp/datafile/seiseki/g1/daishogai/result/daishogai2007.html
2007_arima2007,2007,12/23（祝・日）,有馬記念,中山,G1,Turf,2500,https://www.jra.go.jp/datafile/seiseki/g1/arima/result/arima2007.html
2008_feb2008,2008,2/24（日）,フェブラリーＳ,東京,G1,Dirt,1600,https://www.jra.go.jp/datafile/seiseki/g1/feb/result/feb2008.html
2008_takamatsu2008,2008,3/30（日）,高松宮記念,中京,G1,Turf,1200,https://www.jra.go.jp/datafile/seiseki/g1/takamatsu/result/takamatsu2008.html
2008_ouka2008,2008,4/13（日）,桜花賞,阪神,G1,Turf,1600,https://www.jra.go.jp/datafile/seiseki/g1/ouka/result/ouka2008.html
2008_ngj2008,2008,4/19（土）,中山グランドジャンプ,中山,G1,Obstacle,4250,https://www.jra.go.jp/datafile/seiseki/g1/ngj/result/ngj2008.html
2008_satsuki2008,2008,4/20（日）,皐月賞,中山,G1,Turf,2000,https://www.jra.go.jp/datafile/seiseki/g1/satsuki/result/satsuki2008.html
2008_haruten2008,2008,5/4（祝・日）,天皇賞（春）,京都,G1,Turf,3200,https://www.jra.go.jp/datafile/seiseki/g1/haruten/result/haruten2008.html
2008_nmc2008,2008,5/11（日）,ＮＨＫマイルＣ,東京,G1,Turf,1600,https://www.jra.go.jp/datafile/seiseki/g1/nmc/result/nmc2008.html
2008_victoria2008,2008,5/18（日）,ヴィクトリアマイル,東京,G1,Turf,1600,https://www.jra.go.jp/datafile/seiseki/g1/victoria/result/victoria2008.html
2008_oaks2008,2008,5/25（日）,オークス,東京,G1,Turf,2400,https://www.jra.go.jp/datafile/seiseki/g1/oaks/result/oaks2008.html
2008_derby2008,2008,6/1（日）,日本ダービー,東京,G1,Turf,2400,https://www.jra.go.jp/datafile/seiseki/g1/derby/result/derby2008.html
2008_yasuda2008,2008,6/8（日）,安田記念,東京,G1,Turf,1600,https://www.jra.go.jp/datafile/seiseki/g1/yasuda/result/yasuda2008.html
2008_takara2008,2008,6/29（日）,宝塚記念,阪神,G1,Turf,2200,https://www.jra.go.jp/datafile/seiseki/g1/takara/result/takara2008.html
2008_sprint2008,2008,10/5（日）,スプリンターズＳ,中山,G1,Turf,1200,https://www.jra.go.jp/datafile/seiseki/g1/sprint/result/sprint2008.html
2008_shuka2008,2008,10/19（日）,秋華賞,京都,G1,Turf,2000,https://www.jra.go.jp/datafile/seiseki/g1/shuka/result/shuka2008.html
2008_kikka2008,2008,10/26（日）,菊花賞,京都,G1,Turf,3000,https://www.jra.go.jp/datafile/seiseki/g1/kikka/result/kikka2008.html
2008_akiten2008,2008,11/2（日）,天皇賞（秋）,東京,G1,Turf,2000,https://www.jra.go.jp/datafile/seiseki/g1/akiten/result/akiten2008.html
2008_eliza2008,2008,11/16（日）,エリザベス女王杯,京都,G1,Turf,2200,https://www.jra.go.jp/datafile/seiseki/g1/eliza/result/eliza2008.html
2008_mile2008,2008,11/23（祝・日）,マイルチャンピオンシップ,京都,G1,Turf,1600,https://www.jra.go.jp/datafile/seiseki/g1/mile/result/mile2008.html
2008_jc2008,2008,11/30（日）,ジャパンＣ,東京,G1,Turf,2400,https://www.jra.go.jp/datafile/seiseki/g1/jc/result/jc2008.html
2008_jcd2008,2008,12/7（日）,ジャパンＣダート,阪神,G1,Dirt,1800,https://www.jra.go.jp/datafile/seiseki/g1/jcd/result/jcd2008.html
2008_hjf2008,2008,12/14（日）,阪神ジュベナイルＦ,阪神,G1,Turf,1600,https://www.jra.go.jp/datafile/seiseki/g1/hjf/result/hjf2008.html
2008_afs2008,2008,12/21（日）,朝日杯フューチュリティＳ,中山,G1,Turf,1600,https://www.jra.go.jp/datafile/seiseki/g1/afs/result/afs2008.html
2008_daishogai2008,2008,12/27（土）,中山大障害,中山,G1,Obstacle,4100,https://www.jra.go.jp/datafile/seiseki/g1/daishogai/result/daishogai2008.html
2008_arima2008,2008,12/28（日）,有馬記念,中山,G1,Turf,2500,https://www.jra.go.jp/datafile/seiseki/g1/arima/result/arima2008.html
2009_feb2009,2009,2/22（日）,フェブラリーＳ,東京,G1,Dirt,1600,https://www.jra.go.jp/datafile/seiseki/g1/feb/result/feb2009.html
2009_takamatsu2009,2009,3/29（日）,高松宮記念,中京,G1,Turf,1200,https://www.jra.go.jp/datafile/seiseki/g1/takamatsu/result/takamatsu2009.html
2009_ouka2009,2009,4/12（日）,桜花賞,阪神,G1,Turf,1600,https://www.jra.go.jp/datafile/seiseki/g1/ouka/result/ouka2009.html
2009_ngj2009,2009,4/18（土）,中山グランドジャンプ,中山,G1,Obstacle,4250,https://www.jra.go.jp/datafile/seiseki/g1/ngj/result/ngj2009.html
2009_satsuki2009,2009,4/19（日）,皐月賞,中山,G1,Turf,2000,https://www.jra.go.jp/datafile/seiseki/g1/satsuki/result/satsuki2009.html
2009_haruten2009,2009,5/3（祝・日）,天皇賞（春）,京都,G1,Turf,3200,https://www.jra.go.jp/datafile/seiseki/g1/haruten/result/haruten2009.html
2009_nmc2009,2009,5/10（日）,ＮＨＫマイルＣ,東京,G1,Turf,1600,https://www.jra.go.jp/datafile/seiseki/g1/nmc/result/nmc2009.html
2009_victoria2009,2009,5/17（日）,ヴィクトリアマイル,東京,G1,Turf,1600,https://www.jra.go.jp/datafile/seiseki/g1/victoria/result/victoria2009.html
2009_oaks2009,2009,5/24（日）,オークス,東京,G1,Turf,2400,https://www.jra.go.jp/datafile/seiseki/g1/oaks/result/oaks2009.html
2009_derby2009,2009,5/31（日）,日本ダービー,東京,G1,Turf,2400,https://www.jra.go.jp/datafile/seiseki/g1/derby/result/derby2009.html
2009_yasuda2009,2009,6/7（日）,安田記念,東京,G1,Turf,1600,https://www.jra.go.jp/datafile/seiseki/g1/yasuda/result/yasuda2009.html
2009_takara2009,2009,6/28（日）,宝塚記念,阪神,G1,Turf,2200,https://www.jra.go.jp/datafile/seiseki/g1/takara/result/takara2009.html
2009_sprint2009,2009,10/4（日）,スプリンターズＳ,中山,G1,Turf,1200,https://www.jra.go.jp/datafile/seiseki/g1/sprint/result/sprint2009.html
2009_shuka2009,2009,10/18（日）,秋華賞,京都,G1,Turf,2000,https://www.jra.go.jp/datafile/seiseki/g1/shuka/result/shuka2009.html
2009_kikka2009,2009,10/25（日）,菊花賞,京都,G1,Turf,3000,https://www.jra.go.jp/datafile/seiseki/g1/kikka/result/kikka2009.html
2009_akiten2009,2009,11/1（日）,天皇賞（秋）,東京,G1,Turf,2000,https://www.jra.go.jp/datafile/seiseki/g1/akiten/result/akiten2009.html
2009_eliza2009,2009,11/15（日）,エリザベス女王杯,京都,G1,Turf,2200,https://www.jra.go.jp/datafile/seiseki/g1/eliza/result/eliza2009.html
2009_mile2009,2009,11/22（日）,マイルチャンピオンシップ,京都,G1,Turf,1600,https://www.jra.go.jp/datafile/seiseki/g1/mile/result/mile2009.html
2009_jc2009,2009,11/29（日）,ジャパンＣ,東京,G1,Turf,2400,https://www.jra.go.jp/datafile/seiseki/g1/jc/result/jc2009.html
2009_jcd2009,2009,12/6（日）,ジャパンＣダート,阪神,G1,Dirt,1800,https://www.jra.go.jp/datafile/seiseki/g1/jcd/result/jcd2009.html
2009_hjf2009,2009,12/13（日）,阪神ジュベナイルＦ,阪神,G1,Turf,1600,https://www.jra.go.jp/datafile/seiseki/g1/hjf/result/hjf2009.html
2009_afs2009,2009,12/20（日）,朝日杯フューチュリティＳ,中山,G1,Turf,1600,https://www.jra.go.jp/datafile/seiseki/g1/afs/result/afs2009.html
2009_daishogai2009,2009,12/26（土）,中山大障害,中山,G1,Obstacle,4100,https://www.jra.go.jp/datafile/seiseki/g1/daishogai/result/daishogai2009.html
2009_arima2009,2009,12/27（日）,有馬記念,中山,G1,Turf,2500,https://www.jra.go.jp/datafile/seiseki/g1/arima/result/arima2009.html
2010_feb2010,2010,2/21（日）,フェブラリーＳ,東京,G1,Dirt,1600,https://www.jra.go.jp/datafile/seiseki/g1/feb/result/feb2010.html
2010_takamatsu2010,2010,3/28（日）,高松宮記念,中京,G1,Turf,1200,https://www.jra.go.jp/datafile/seiseki/g1/takamatsu/result/takamatsu2010.html
2010_ouka2010,2010,4/11（日）,桜花賞,阪神,G1,Turf,1600,https://www.jra.go.jp/datafile/seiseki/g1/ouka/result/ouka2010.html
2010_ngj2010,2010,4/17（土）,中山グランドジャンプ,中山,G1,Obstacle,4250,https://www.jra.go.jp/datafile/seiseki/g1/ngj/result/ngj2010.html
2010_satsuki2010,2010,4/18（日）,皐月賞,中山,G1,Turf,2000,https://www.jra.go.jp/datafile/seiseki/g1/satsuki/result/satsuki2010.html
2010_haruten2010,2010,5/2（日）,天皇賞（春）,京都,G1,Turf,3200,https://www.jra.go.jp/datafile/seiseki/g1/haruten/result/haruten2010.html
2010_nmc2010,2010,5/9（日）,ＮＨＫマイルＣ,東京,G1,Turf,1600,https://www.jra.go.jp/datafile/seiseki/g1/nmc/result/nmc2010.html
2010_victoria2010,2010,5/16（日）,ヴィクトリアマイル,東京,G1,Turf,1600,https://www.jra.go.jp/datafile/seiseki/g1/victoria/result/victoria2010.html
2010_oaks2010,2010,5/23（日）,オークス,東京,G1,Turf,2400,https://www.jra.go.jp/datafile/seiseki/g1/oaks/result/oaks2010.html
2010_derby2010,2010,5/30（日）,日本ダービー,東京,G1,Turf,2400,https://www.jra.go.jp/datafile/seiseki/g1/derby/result/derby2010.html
2010_yasuda2010,2010,6/6（日）,安田記念,東京,G1,Turf,1600,https://www.jra.go.jp/datafile/seiseki/g1/yasuda/result/yasuda2010.html
2010_takara2010,2010,6/27（日）,宝塚記念,阪神,G1,Turf,2200,https://www.jra.go.jp/datafile/seiseki/g1/takara/result/takara2010.html
2010_sprint2010,2010,10/3（日）,スプリンターズＳ,中山,G1,Turf,1200,https://www.jra.go.jp/datafile/seiseki/g1/sprint/result/sprint2010.html
2010_shuka2010,2010,10/17（日）,秋華賞,京都,G1,Turf,2000,https://www.jra.go.jp/datafile/seiseki/g1/shuka/result/shuka2010.html
2010_kikka2010,2010,10/24（日）,菊花賞,京都,G1,Turf,3000,https://www.jra.go.jp/datafile/seiseki/g1/kikka/result/kikka2010.html
2010_akiten2010,2010,10/31（日）,天皇賞（秋）,東京,G1,Turf,2000,https://www.jra.go.jp/datafile/seiseki/g1/akiten/result/akiten2010.html
2010_eliza2010,2010,11/14（日）,エリザベス女王杯,京都,G1,Turf,2200,https://www.jra.go.jp/datafile/seiseki/g1/eliza/result/eliza2010.html
2010_mile2010,2010,11/21（日）,マイルチャンピオンシップ,京都,G1,Turf,1600,https://www.jra.go.jp/datafile/seiseki/g1/mile/result/mile2010.html
2010_jc2010,2010,11/28（日）,ジャパンＣ,東京,G1,Turf,2400,https://www.jra.go.jp/datafile/seiseki/g1/jc/result/jc2010.html
2010_jcd2010,2010,12/5（日）,ジャパンＣダート,阪神,G1,Dirt,1800,https://www.jra.go.jp/datafile/seiseki/g1/jcd/result/jcd2010.html
2010_hjf2010,2010,12/12（日）,阪神ジュベナイルＦ,阪神,G1,Turf,1600,https://www.jra.go.jp/datafile/seiseki/g1/hjf/result/hjf2010.html
2010_afs2010,2010,12/19（日）,朝日杯フューチュリティＳ,中山,G1,Turf,1600,https://www.jra.go.jp/datafile/seiseki/g1/afs/result/afs2010.html
2010_daishogai2010,2010,12/25（土）,中山大障害,中山,G1,Obstacle,4100,https://www.jra.go.jp/datafile/seiseki/g1/daishogai/result/daishogai2010.html
2010_arima2010,2010,12/26（日）,有馬記念,中山,G1,Turf,2500,https://www.jra.go.jp/datafile/seiseki/g1/arima/result/arima2010.html
2011_feb2011,2011,2/20（日）,フェブラリーＳ,東京,G1,Dirt,1600,https://www.jra.go.jp/datafile/seiseki/g1/feb/result/feb2011.html
2011_takamatsu2011,2011,3/27（日）,高松宮記念,阪神,G1,Turf,1200,https://www.jra.go.jp/datafile/seiseki/g1/takamatsu/result/takamatsu2011.html
2011_ouka2011,2011,4/10（日）,桜花賞,阪神,G1,Turf,1600,https://www.jra.go.jp/datafile/seiseki/g1/ouka/result/ouka2011.html
2011_satsuki2011,2011,4/24（日）,皐月賞,東京,G1,Turf,2000,https://www.jra.go.jp/datafile/seiseki/g1/satsuki/result/satsuki2011.html
2011_haruten2011,2011,5/1（日）,天皇賞（春）,京都,G1,Turf,3200,https://www.jra.go.jp/datafile/seiseki/g1/haruten/result/haruten2011.html
2011_nmc2011,2011,5/8（日）,ＮＨＫマイルＣ,東京,G1,Turf,1600,https://www.jra.go.jp/datafile/seiseki/g1/nmc/result/nmc2011.html
2011_victoria2011,2011,5/15（日）,ヴィクトリアマイル,東京,G1,Turf,1600,https://www.jra.go.jp/datafile/seiseki/g1/victoria/result/victoria2011.html
2011_oaks2011,2011,5/22（日）,オークス,東京,G1,Turf,2400,https://www.jra.go.jp/datafile/seiseki/g1/oaks/result/oaks2011.html
2011_derby2011,2011,5/29（日）,日本ダービー,東京,G1,Turf,2400,https://www.jra.go.jp/datafile/seiseki/g1/derby/result/derby2011.html
2011_yasuda2011,2011,6/5（日）,安田記念,東京,G1,Turf,1600,https://www.jra.go.jp/datafile/seiseki/g1/yasuda/result/yasuda2011.html
2011_takara2011,2011,6/26（日）,宝塚記念,阪神,G1,Turf,2200,https://www.jra.go.jp/datafile/seiseki/g1/takara/result/takara2011.html
2011_ngj2011,2011,7/2（土）,中山グランドジャンプ,中山,G1,Obstacle,4260,https://www.jra.go.jp/datafile/seiseki/g1/ngj/result/ngj2011.html
2011_sprint2011,2011,10/2（日）,スプリンターズＳ,中山,G1,Turf,1200,https://www.jra.go.jp/datafile/seiseki/g1/sprint/result/sprint2011.html
2011_nanbu2011,2011,10/10（祝・月）,マイルＣＳ南部杯,東京,G1,Dirt,1600,https://www.jra.go.jp/datafile/seiseki/g1/nanbu/result/nanbu2011.html
2011_shuka2011,2011,"10/16
（日）",秋華賞,京都,G1,Turf,2000,https://www.jra.go.jp/datafile/seiseki/g1/shuka/result/shuka2011.html
2011_kikka2011,2011,10/23（日）,菊花賞,京都,G1,Turf,3000,https://www.jra.go.jp/datafile/seiseki/g1/kikka/result/kikka2011.html
2011_akiten2011,2011,10/30（日）,天皇賞（秋）,東京,G1,Turf,2000,https://www.jra.go.jp/datafile/seiseki/g1/akiten/result/akiten2011.html
2011_eliza2011,2011,11/13（日）,エリザベス女王杯,京都,G1,Turf,2200,https://www.jra.go.jp/datafile/seiseki/g1/eliza/result/eliza2011.html
2011_mile2011,2011,11/20（日）,マイルチャンピオンシップ,京都,G1,Turf,1600,https://www.jra.go.jp/datafile/seiseki/g1/mile/result/mile2011.html
2011_jc2011,2011,11/27（日）,ジャパンＣ,東京,G1,Turf,2400,https://www.jra.go.jp/datafile/seiseki/g1/jc/result/jc2011.html
2011_jcd2011,2011,12/4（日）,ジャパンＣダート,阪神,G1,Dirt,1800,https://www.jra.go.jp/datafile/seiseki/g1/jcd/result/jcd2011.html
2011_hjf2011,2011,12/11（日）,阪神ジュベナイルＦ,阪神,G1,Turf,1600,https://www.jra.go.jp/datafile/seiseki/g1/hjf/result/hjf2011.html
2011_afs2011,2011,12/18（日）,朝日杯フューチュリティＳ,中山,G1,Turf,1600,https://www.jra.go.jp/datafile/seiseki/g1/afs/result/afs2011.html
2011_daishogai2011,2011,12/24（土）,中山大障害,中山,G1,Obstacle,4100,https://www.jra.go.jp/datafile/seiseki/g1/daishogai/result/daishogai2011.html
2011_arima2011,2011,12/25（日）,有馬記念,中山,G1,Turf,2500,https://www.jra.go.jp/datafile/seiseki/g1/arima/result/arima2011.html
2012_feb2012,2012,2/19（日）,フェブラリーＳ,東京,G1,Dirt,1600,https://www.jra.go.jp/datafile/seiseki/g1/feb/result/feb2012.html
2012_takamatsu2012,2012,3/25（日）,高松宮記念,中京,G1,Turf,1200,https://www.jra.go.jp/datafile/seiseki/g1/takamatsu/result/takamatsu2012.html
2012_ouka2012,2012,4/8（日）,桜花賞,阪神,G1,Turf,1600,https://www.jra.go.jp/datafile/seiseki/g1/ouka/result/ouka2012.html
2012_ngj2012,2012,4/14（土）,中山グランドジャンプ,中山,G1,Obstacle,4250,https://www.jra.go.jp/datafile/seiseki/g1/ngj/result/ngj2012.html
2012_satsuki2012,2012,4/15（日）,皐月賞,中山,G1,Turf,2000,https://www.jra.go.jp/datafile/seiseki/g1/satsuki/result/satsuki2012.html
2012_haruten2012,2012,4/29（祝・日）,天皇賞（春）,京都,G1,Turf,3200,https://www.jra.go.jp/datafile/seiseki/g1/haruten/result/haruten2012.html
2012_nmc2012,2012,5/6（日）,ＮＨＫマイルＣ,東京,G1,Turf,1600,https://www.jra.go.jp/datafile/seiseki/g1/nmc/result/nmc2012.html
2012_victoria2012,2012,5/13（日）,ヴィクトリアマイル,東京,G1,Turf,1600,https://www.jra.go.jp/datafile/seiseki/g1/victoria/result/victoria2012.html
2012_oaks2012,2012,5/20（日）,オークス,東京,G1,Turf,2400,https://www.jra.go.jp/datafile/seiseki/g1/oaks/result/oaks2012.html
2012_derby2012,2012,5/27（日）,日本ダービー,東京,G1,Turf,2400,https://www.jra.go.jp/datafile/seiseki/g1/derby/result/derby2012.html
2012_yasuda2012,2012,6/3（日）,安田記念,東京,G1,Turf,1600,https://www.jra.go.jp/datafile/seiseki/g1/yasuda/result/yasuda2012.html
2012_takara2012,2012,6/24（日）,宝塚記念,阪神,G1,Turf,2200,https://www.jra.go.jp/datafile/seiseki/g1/takara/result/takara2012.html
2012_sprint2012,2012,9/30（日）,スプリンターズＳ,中山,G1,Turf,1200,https://www.jra.go.jp/datafile/seiseki/g1/sprint/result/sprint2012.html
2012_shuka2012,2012,10/14（日）,秋華賞,京都,G1,Turf,2000,https://www.jra.go.jp/datafile/seiseki/g1/shuka/result/shuka2012.html
2012_kikka2012,2012,10/21（日）,菊花賞,京都,G1,Turf,3000,https://www.jra.go.jp/datafile/seiseki/g1/kikka/result/kikka2012.html
2012_akiten2012,2012,10/28（日）,天皇賞（秋）,東京,G1,Turf,2000,https://www.jra.go.jp/datafile/seiseki/g1/akiten/result/akiten2012.html
2012_eliza2012,2012,11/11（日）,エリザベス女王杯,京都,G1,Turf,2200,https://www.jra.go.jp/datafile/seiseki/g1/eliza/result/eliza2012.html
2012_mile2012,2012,11/18（日）,マイルチャンピオンシップ,京都,G1,Turf,1600,https://www.jra.go.jp/datafile/seiseki/g1/mile/result/mile2012.html
2012_jc2012,2012,11/25（日）,ジャパンＣ,東京,G1,Turf,2400,https://www.jra.go.jp/datafile/seiseki/g1/jc/result/jc2012.html
2012_jcd2012,2012,12/2（日）,ジャパンＣダート,阪神,G1,Dirt,1800,https://www.jra.go.jp/datafile/seiseki/g1/jcd/result/jcd2012.html
2012_hjf2012,2012,12/9（日）,阪神ジュベナイルＦ,阪神,G1,Turf,1600,https://www.jra.go.jp/datafile/seiseki/g1/hjf/result/hjf2012.html
2012_afs2012,2012,12/16（日）,朝日杯フューチュリティＳ,中山,G1,Turf,1600,https://www.jra.go.jp/datafile/seiseki/g1/afs/result/afs2012.html
2012_daishogai2012,2012,12/22（土）,中山大障害,中山,G1,Obstacle,4100,https://www.jra.go.jp/datafile/seiseki/g1/daishogai/result/daishogai2012.html
2012_arima2012,2012,12/23（祝・日）,有馬記念,中山,G1,Turf,2500,https://www.jra.go.jp/datafile/seiseki/g1/arima/result/arima2012.html
2013_feb2013,2013,2/17（日）,フェブラリーＳ,東京,G1,Dirt,1600,https://www.jra.go.jp/datafile/seiseki/g1/feb/result/feb2013.html
2013_takamatsu2013,2013,3/24（日）,高松宮記念,中京,G1,Turf,1200,https://www.jra.go.jp/datafile/seiseki/g1/takamatsu/result/takamatsu2013.html
2013_ouka2013,2013,4/7（日）,桜花賞,阪神,G1,Turf,1600,https://www.jra.go.jp/datafile/seiseki/g1/ouka/result/ouka2013.html
2013_ngj2013,2013,4/13（土）,中山グランドジャンプ,中山,G1,Obstacle,4250,https://www.jra.go.jp/datafile/seiseki/g1/ngj/result/ngj2013.html
2013_satsuki2013,2013,4/14（日）,皐月賞,中山,G1,Turf,2000,https://www.jra.go.jp/datafile/seiseki/g1/satsuki/result/satsuki2013.html
2013_haruten2013,2013,4/28（日）,天皇賞（春）,京都,G1,Turf,3200,https://www.jra.go.jp/datafile/seiseki/g1/haruten/result/haruten2013.html
2013_nmc2013,2013,5/5（祝・日）,ＮＨＫマイルＣ,東京,G1,Turf,1600,https://www.jra.go.jp/datafile/seiseki/g1/nmc/result/nmc2013.html
2013_victoria2013,2013,5/12（日）,ヴィクトリアマイル,東京,G1,Turf,1600,https://www.jra.go.jp/datafile/seiseki/g1/victoria/result/victoria2013.html
2013_oaks2013,2013,5/19（日）,オークス,東京,G1,Turf,2400,https://www.jra.go.jp/datafile/seiseki/g1/oaks/result/oaks2013.html
2013_derby2013,2013,5/26（日）,日本ダービー,東京,G1,Turf,2400,https://www.jra.go.jp/datafile/seiseki/g1/derby/result/derby2013.html
2013_yasuda2013,2013,6/2（日）,安田記念,東京,G1,Turf,1600,https://www.jra.go.jp/datafile/seiseki/g1/yasuda/result/yasuda2013.html
2013_takara2013,2013,6/23（日）,宝塚記念,阪神,G1,Turf,2200,https://www.jra.go.jp/datafile/seiseki/g1/takara/result/takara2013.html
2013_sprint2013,2013,9/29（日）,スプリンターズＳ,中山,G1,Turf,1200,https://www.jra.go.jp/datafile/seiseki/g1/sprint/result/sprint2013.html
2013_shuka2013,2013,10/13（日）,秋華賞,京都,G1,Turf,2000,https://www.jra.go.jp/datafile/seiseki/g1/shuka/result/shuka2013.html
2013_kikka2013,2013,10/20（日）,菊花賞,京都,G1,Turf,3000,https://www.jra.go.jp/datafile/seiseki/g1/kikka/result/kikka2013.html
2013_akiten2013,2013,10/27（日）,天皇賞（秋）,東京,G1,Turf,2000,https://www.jra.go.jp/datafile/seiseki/g1/akiten/result/akiten2013.html
2013_eliza2013,2013,11/10（日）,エリザベス女王杯,京都,G1,Turf,2200,https://www.jra.go.jp/datafile/seiseki/g1/eliza/result/eliza2013.html
2013_mile2013,2013,11/17（日）,マイルチャンピオンシップ,京都,G1,Turf,1600,https://www.jra.go.jp/datafile/seiseki/g1/mile/result/mile2013.html
2013_jc2013,2013,11/24（日）,ジャパンＣ,東京,G1,Turf,2400,https://www.jra.go.jp/datafile/seiseki/g1/jc/result/jc2013.html
2013_jcd2013,2013,12/1（日）,ジャパンＣダート,阪神,G1,Dirt,1800,https://www.jra.go.jp/datafile/seiseki/g1/jcd/result/jcd2013.html
2013_hjf2013,2013,12/8（日）,阪神ジュベナイルＦ,阪神,G1,Turf,1600,https://www.jra.go.jp/datafile/seiseki/g1/hjf/result/hjf2013.html
2013_afs2013,2013,12/15（日）,朝日杯フューチュリティＳ,中山,G1,Turf,1600,https://www.jra.go.jp/datafile/seiseki/g1/afs/result/afs2013.html
2013_daishogai2013,2013,12/21（土）,中山大障害,中山,G1,Obstacle,4100,https://www.jra.go.jp/datafile/seiseki/g1/daishogai/result/daishogai2013.html
2013_arima2013,2013,12/22（日）,有馬記念,中山,G1,Turf,2500,https://www.jra.go.jp/datafile/seiseki/g1/arima/result/arima2013.html
2014_feb2014,2014,2/23（日）,フェブラリーＳ,東京,G1,Dirt,1600,https://www.jra.go.jp/datafile/seiseki/g1/feb/result/feb2014.html
2014_takamatsu2014,2014,3/30（日）,高松宮記念,中京,G1,Turf,1200,https://www.jra.go.jp/datafile/seiseki/g1/takamatsu/result/takamatsu2014.html
2014_ouka2014,2014,4/13（日）,桜花賞,阪神,G1,Turf,1600,https://www.jra.go.jp/datafile/seiseki/g1/ouka/result/ouka2014.html
2014_ngj2014,2014,4/19（土）,中山グランドジャンプ,中山,G1,Obstacle,4250,https://www.jra.go.jp/datafile/seiseki/g1/ngj/result/ngj2014.html
2014_satsuki2014,2014,4/20（日）,皐月賞,中山,G1,Turf,2000,https://www.jra.go.jp/datafile/seiseki/g1/satsuki/result/satsuki2014.html
2014_haruten2014,2014,5/4（祝・日）,天皇賞（春）,京都,G1,Turf,3200,https://www.jra.go.jp/datafile/seiseki/g1/haruten/result/haruten2014.html
2014_nmc2014,2014,5/11（日）,ＮＨＫマイルＣ,東京,G1,Turf,1600,https://www.jra.go.jp/datafile/seiseki/g1/nmc/result/nmc2014.html
2014_victoria2014,2014,5/18（日）,ヴィクトリアマイル,東京,G1,Turf,1600,https://www.jra.go.jp/datafile/seiseki/g1/victoria/result/victoria2014.html
2014_oaks2014,2014,5/25（日）,オークス,東京,G1,Turf,2400,https://www.jra.go.jp/datafile/seiseki/g1/oaks/result/oaks2014.html
2014_derby2014,2014,6/1（日）,日本ダービー,東京,G1,Turf,2400,https://www.jra.go.jp/datafile/seiseki/g1/derby/result/derby2014.html
2014_yasuda2014,2014,6/8（日）,安田記念,東京,G1,Turf,1600,https://www.jra.go.jp/datafile/seiseki/g1/yasuda/result/yasuda2014.html
2014_takara2014,2014,6/29（日）,宝塚記念,阪神,G1,Turf,2200,https://www.jra.go.jp/datafile/seiseki/g1/takara/result/takara2014.html
2014_sprint2014,2014,10/5（日）,スプリンターズＳ,新潟,G1,Turf,1200,https://www.jra.go.jp/datafile/seiseki/g1/sprint/result/sprint2014.html
2014_shuka2014,2014,10/19（日）,秋華賞,京都,G1,Turf,2000,https://www.jra.go.jp/datafile/seiseki/g1/shuka/result/shuka2014.html
2014_kikka2014,2014,10/26（日）,菊花賞,京都,G1,Turf,3000,https://www.jra.go.jp/datafile/seiseki/g1/kikka/result/kikka2014.html
2014_akiten2014,2014,11/2（日）,天皇賞（秋）,東京,G1,Turf,2000,https://www.jra.go.jp/datafile/seiseki/g1/akiten/result/akiten2014.html
2014_eliza2014,2014,11/16（日）,エリザベス女王杯,京都,G1,Turf,2200,https://www.jra.go.jp/datafile/seiseki/g1/eliza/result/eliza2014.html
2014_mile2014,2014,11/23（祝・日）,マイルチャンピオンシップ,京都,G1,Turf,1600,https://www.jra.go.jp/datafile/seiseki/g1/mile/result/mile2014.html
2014_jc2014,2014,11/30（日）,ジャパンＣ,東京,G1,Turf,2400,https://www.jra.go.jp/datafile/seiseki/g1/jc/result/jc2014.html
2014_jcd2014,2014,12/7（日）,チャンピオンズＣ,中京,G1,Dirt,1800,https://www.jra.go.jp/datafile/seiseki/g1/jcd/result/jcd2014.html
2014_hjf2014,2014,12/14（日）,阪神ジュベナイルＦ,阪神,G1,Turf,1600,https://www.jra.go.jp/datafile/seiseki/g1/hjf/result/hjf2014.html
2014_daishogai2014,2014,12/20（土）,中山大障害,中山,G1,Obstacle,4100,https://www.jra.go.jp/datafile/seiseki/g1/daishogai/result/daishogai2014.html
2014_afs2014,2014,12/21（日）,朝日杯フューチュリティＳ,阪神,G1,Turf,1600,https://www.jra.go.jp/datafile/seiseki/g1/afs/result/afs2014.html
2014_arima2014,2014,12/28（日）,有馬記念,中山,G1,Turf,2500,https://www.jra.go.jp/datafile/seiseki/g1/arima/result/arima2014.html
2015_feb2015,2015,2/22（日）,フェブラリーＳ,東京,G1,Dirt,1600,https://www.jra.go.jp/datafile/seiseki/g1/feb/result/feb2015.html
2015_takamatsu2015,2015,3/29（日）,高松宮記念,中京,G1,Turf,1200,https://www.jra.go.jp/datafile/seiseki/g1/takamatsu/result/takamatsu2015.html
2015_ouka2015,2015,4/12（日）,桜花賞,阪神,G1,Turf,1600,https://www.jra.go.jp/datafile/seiseki/g1/ouka/result/ouka2015.html
2015_ngj2015,2015,4/18（土）,中山グランドジャンプ,中山,G1,Obstacle,4250,https://www.jra.go.jp/datafile/seiseki/g1/ngj/result/ngj2015.html
2015_satsuki2015,2015,4/19（日）,皐月賞,中山,G1,Turf,2000,https://www.jra.go.jp/datafile/seiseki/g1/satsuki/result/satsuki2015.html
2015_haruten2015,2015,5/3（祝・日）,天皇賞（春）,京都,G1,Turf,3200,https://www.jra.go.jp/datafile/seiseki/g1/haruten/result/haruten2015.html
2015_nmc2015,2015,5/10（日）,ＮＨＫマイルＣ,東京,G1,Turf,1600,https://www.jra.go.jp/datafile/seiseki/g1/nmc/result/nmc2015.html
2015_victoria2015,2015,5/17（日）,ヴィクトリアマイル,東京,G1,Turf,1600,https://www.jra.go.jp/datafile/seiseki/g1/victoria/result/victoria2015.html
2015_oaks2015,2015,5/24（日）,オークス,東京,G1,Turf,2400,https://www.jra.go.jp/datafile/seiseki/g1/oaks/result/oaks2015.html
2015_derby2015,2015,5/31（日）,日本ダービー,東京,G1,Turf,2400,https://www.jra.go.jp/datafile/seiseki/g1/derby/result/derby2015.html
2015_yasuda2015,2015,6/7（日）,安田記念,東京,G1,Turf,1600,https://www.jra.go.jp/datafile/seiseki/g1/yasuda/result/yasuda2015.html
2015_takara2015,2015,6/28（日）,宝塚記念,阪神,G1,Turf,2200,https://www.jra.go.jp/datafile/seiseki/g1/takara/result/takara2015.html
2015_sprint2015,2015,10/4（日）,スプリンターズＳ,中山,G1,Turf,1200,https://www.jra.go.jp/datafile/seiseki/g1/sprint/result/sprint2015.html
2015_shuka2015,2015,10/18（日）,秋華賞,京都,G1,Turf,2000,https://www.jra.go.jp/datafile/seiseki/g1/shuka/result/shuka2015.html
2015_kikka2015,2015,10/25（日）,菊花賞,京都,G1,Turf,3000,https://www.jra.go.jp/datafile/seiseki/g1/kikka/result/kikka2015.html
2015_akiten2015,2015,11/1（日）,天皇賞（秋）,東京,G1,Turf,2000,https://www.jra.go.jp/datafile/seiseki/g1/akiten/result/akiten2015.html
2015_eliza2015,2015,11/15（日）,エリザベス女王杯,京都,G1,Turf,2200,https://www.jra.go.jp/datafile/seiseki/g1/eliza/result/eliza2015.html
2015_mile2015,2015,11/22（日）,マイルチャンピオンシップ,京都,G1,Turf,1600,https://www.jra.go.jp/datafile/seiseki/g1/mile/result/mile2015.html
2015_jc2015,2015,11/29（日）,ジャパンＣ,東京,G1,Turf,2400,https://www.jra.go.jp/datafile/seiseki/g1/jc/result/jc2015.html
2015_jcd2015,2015,12/6（日）,チャンピオンズＣ,中京,G1,Dirt,1800,https://www.jra.go.jp/datafile/seiseki/g1/jcd/result/jcd2015.html
2015_hjf2015,2015,12/13（日）,阪神ジュベナイルＦ,阪神,G1,Turf,1600,https://www.jra.go.jp/datafile/seiseki/g1/hjf/result/hjf2015.html
2015_afs2015,2015,12/20（日）,朝日杯フューチュリティＳ,阪神,G1,Turf,1600,https://www.jra.go.jp/datafile/seiseki/g1/afs/result/afs2015.html
2015_daishogai2015,2015,12/26（土）,中山大障害,中山,G1,Obstacle,4100,https://www.jra.go.jp/datafile/seiseki/g1/daishogai/result/daishogai2015.html
2015_arima2015,2015,12/27（日）,有馬記念,中山,G1,Turf,2500,https://www.jra.go.jp/datafile/seiseki/g1/arima/result/arima2015.html
2017_feb2017,2017,2月19日日曜,GⅠフェブラリーS,東京,G1,Dirt,1600,https://www.jra.go.jp/datafile/seiseki/g1/feb/result/feb2017.html
2017_takamatsu2017,2017,3月26日日曜,GⅠ高松宮記念,中京,G1,Turf,1200,https://www.jra.go.jp/datafile/seiseki/g1/takamatsu/result/takamatsu2017.html
2017_osaka2017,2017,4月2日日曜,GⅠ大阪杯,阪神,G1,Turf,2000,https://www.jra.go.jp/datafile/seiseki/g1/osaka/result/osaka2017.html
2017_ouka2017,2017,4月9日日曜,GⅠ桜花賞,阪神,G1,Turf,1600,https://www.jra.go.jp/datafile/seiseki/g1/ouka/result/ouka2017.html
2017_ngj2017,2017,4月15日土曜,J・GⅠ中山グランドジャンプ,中山,G1,Obstacle,4250,https://www.jra.go.jp/datafile/seiseki/g1/ngj/result/ngj2017.html
2017_satsuki2017,2017,4月16日日曜,GⅠ皐月賞,中山,G1,Turf,2000,https://www.jra.go.jp/datafile/seiseki/g1/satsuki/result/satsuki2017.html
2017_haruten2017,2017,4月30日日曜,GⅠ天皇賞（春）,京都,G1,Turf,3200,https://www.jra.go.jp/datafile/seiseki/g1/haruten/result/haruten2017.html
2017_nmc2017,2017,5月7日日曜,GⅠNHKマイルC,東京,G1,Turf,1600,https://www.jra.go.jp/datafile/seiseki/g1/nmc/result/nmc2017.html
2017_victoria2017,2017,5月14日日曜,GⅠヴィクトリアマイル,東京,G1,Turf,1600,https://www.jra.go.jp/datafile/seiseki/g1/victoria/result/victoria2017.html
2017_oaks2017,2017,5月21日日曜,GⅠオークス,東京,G1,Turf,2400,https://www.jra.go.jp/datafile/seiseki/g1/oaks/result/oaks2017.html
2017_derby2017,2017,5月28日日曜,GⅠ日本ダービー,東京,G1,Turf,2400,https://www.jra.go.jp/datafile/seiseki/g1/derby/result/derby2017.html
2017_yasuda2017,2017,6月4日日曜,GⅠ安田記念,東京,G1,Turf,1600,https://www.jra.go.jp/datafile/seiseki/g1/yasuda/result/yasuda2017.html
2017_takara2017,2017,6月25日日曜,GⅠ宝塚記念,阪神,G1,Turf,2200,https://www.jra.go.jp/datafile/seiseki/g1/takara/result/takara2017.html
2017_sprint2017,2017,10月1日日曜,GⅠスプリンターズS,中山,G1,Turf,1200,https://www.jra.go.jp/datafile/seiseki/g1/sprint/result/sprint2017.html
2017_shuka2017,2017,10月15日日曜,GⅠ秋華賞,京都,G1,Turf,2000,https://www.jra.go.jp/datafile/seiseki/g1/shuka/result/shuka2017.html
2017_kikka2017,2017,10月22日日曜,GⅠ菊花賞,京都,G1,Turf,3000,https://www.jra.go.jp/datafile/seiseki/g1/kikka/result/kikka2017.html
2017_akiten2017,2017,10月29日日曜,GⅠ天皇賞（秋）,東京,G1,Turf,2000,https://www.jra.go.jp/datafile/seiseki/g1/akiten/result/akiten2017.html
2017_eliza2017,2017,11月12日日曜,GⅠエリザベス女王杯,京都,G1,Turf,2200,https://www.jra.go.jp/datafile/seiseki/g1/eliza/result/eliza2017.html
2017_mile2017,2017,11月19日日曜,GⅠマイルチャンピオンシップ,京都,G1,Turf,1600,https://www.jra.go.jp/datafile/seiseki/g1/mile/result/mile2017.html
2017_jc2017,2017,11月26日日曜,GⅠジャパンC,東京,G1,Turf,2400,https://www.jra.go.jp/datafile/seiseki/g1/jc/result/jc2017.html
2017_jcd2017,2017,12月3日日曜,GⅠチャンピオンズC,中京,G1,Dirt,1800,https://www.jra.go.jp/datafile/seiseki/g1/jcd/result/jcd2017.html
2017_hjf2017,2017,12月10日日曜,GⅠ阪神ジュベナイルF,阪神,G1,Turf,1600,https://www.jra.go.jp/datafile/seiseki/g1/hjf/result/hjf2017.html
2017_afs2017,2017,12月17日日曜,GⅠ朝日杯フューチュリティS,阪神,G1,Turf,1600,https://www.jra.go.jp/datafile/seiseki/g1/afs/result/afs2017.html
2017_daishogai2017,2017,12月23日祝日・土曜,J・GⅠ中山大障害,中山,G1,Obstacle,4100,https://www.jra.go.jp/datafile/seiseki/g1/daishogai/result/daishogai2017.html
2017_arima2017,2017,12月24日日曜,GⅠ有馬記念,中山,G1,Turf,2500,https://www.jra.go.jp/datafile/seiseki/g1/arima/result/arima2017.html
2017_hopeful2017,2017,12月28日木曜,GⅠホープフルS,中山,G1,Turf,2000,https://www.jra.go.jp/datafile/seiseki/g1/hopeful/result/hopeful2017.html
2018_feb2018,2018,2月18日日曜,GⅠフェブラリーS,東京,G1,Dirt,1600,https://www.jra.go.jp/datafile/seiseki/g1/feb/result/feb2018.html
2018_takamatsu2018,2018,3月25日日曜,GⅠ高松宮記念,中京,G1,Turf,1200,https://www.jra.go.jp/datafile/seiseki/g1/takamatsu/result/takamatsu2018.html
2018_osaka2018,2018,4月1日日曜,GⅠ大阪杯,阪神,G1,Turf,2000,https://www.jra.go.jp/datafile/seiseki/g1/osaka/result/osaka2018.html
2018_ouka2018,2018,4月8日日曜,GⅠ桜花賞,阪神,G1,Turf,1600,https://www.jra.go.jp/datafile/seiseki/g1/ouka/result/ouka2018.html
2018_ngj2018,2018,4月14日土曜,J・GⅠ中山グランドジャンプ,中山,G1,Obstacle,4250,https://www.jra.go.jp/datafile/seiseki/g1/ngj/result/ngj2018.html
2018_satsuki2018,2018,4月15日日曜,GⅠ皐月賞,中山,G1,Turf,2000,https://www.jra.go.jp/datafile/seiseki/g1/satsuki/result/satsuki2018.html
2018_haruten2018,2018,4月29日祝日・日曜,GⅠ天皇賞（春）,京都,G1,Turf,3200,https://www.jra.go.jp/datafile/seiseki/g1/haruten/result/haruten2018.html
2018_nmc2018,2018,5月6日日曜,GⅠNHKマイルC,東京,G1,Turf,1600,https://www.jra.go.jp/datafile/seiseki/g1/nmc/result/nmc2018.html
2018_victoria2018,2018,5月13日日曜,GⅠヴィクトリアマイル,東京,G1,Turf,1600,https://www.jra.go.jp/datafile/seiseki/g1/victoria/result/victoria2018.html
2018_oaks2018,2018,5月20日日曜,GⅠオークス,東京,G1,Turf,2400,https://www.jra.go.jp/datafile/seiseki/g1/oaks/result/oaks2018.html
2018_derby2018,2018,5月27日日曜,GⅠ日本ダービー,東京,G1,Turf,2400,https://www.jra.go.jp/datafile/seiseki/g1/derby/result/derby2018.html
2018_yasuda2018,2018,6月3日日曜,GⅠ安田記念,東京,G1,Turf,1600,https://www.jra.go.jp/datafile/seiseki/g1/yasuda/result/yasuda2018.html
2018_takara2018,2018,6月24日日曜,GⅠ宝塚記念,阪神,G1,Turf,2200,https://www.jra.go.jp/datafile/seiseki/g1/takara/result/takara2018.html
2018_sprint2018,2018,9月30日日曜,GⅠスプリンターズS,中山,G1,Turf,1200,https://www.jra.go.jp/datafile/seiseki/g1/sprint/result/sprint2018.html
2018_shuka2018,2018,10月14日日曜,GⅠ秋華賞,京都,G1,Turf,2000,https://www.jra.go.jp/datafile/seiseki/g1/shuka/result/shuka2018.html
2018_kikka2018,2018,10月21日日曜,GⅠ菊花賞,京都,G1,Turf,3000,https://www.jra.go.jp/datafile/seiseki/g1/kikka/result/kikka2018.html
2018_akiten2018,2018,10月28日日曜,GⅠ天皇賞（秋）,東京,G1,Turf,2000,https://www.jra.go.jp/datafile/seiseki/g1/akiten/result/akiten2018.html
2018_race_18,2018,11月4日日曜,JpnⅠJBCスプリント,京都,G1,Dirt,1200,https://www.jra.go.jp/datafile/seiseki/g1/jbc/result/jbc_sp2018.html
2018_race_19,2018,11月4日日曜,JpnⅠJBCクラシック,京都,G1,Dirt,1900,https://www.jra.go.jp/datafile/seiseki/g1/jbc/result/jbc_c2018.html
2018_race_20,2018,11月4日日曜,JpnⅠJBCレディスクラシック,京都,G1,Dirt,1800,https://www.jra.go.jp/datafile/seiseki/g1/jbc/result/jbc_la2018.html
2018_eliza2018,2018,11月11日日曜,GⅠエリザベス女王杯,京都,G1,Turf,2200,https://www.jra.go.jp/datafile/seiseki/g1/eliza/result/eliza2018.html
2018_mile2018,2018,11月18日日曜,GⅠマイルチャンピオンシップ,京都,G1,Turf,1600,https://www.jra.go.jp/datafile/seiseki/g1/mile/result/mile2018.html
2018_jc2018,2018,11月25日日曜,GⅠジャパンC,東京,G1,Turf,2400,https://www.jra.go.jp/datafile/seiseki/g1/jc/result/jc2018.html
2018_jcd2018,2018,12月2日日曜,GⅠチャンピオンズC,中京,G1,Dirt,1800,https://www.jra.go.jp/datafile/seiseki/g1/jcd/result/jcd2018.html
2018_hjf2018,2018,12月9日日曜,GⅠ阪神ジュベナイルF,阪神,G1,Turf,1600,https://www.jra.go.jp/datafile/seiseki/g1/hjf/result/hjf2018.html
2018_afs2018,2018,12月16日日曜,GⅠ朝日杯フューチュリティS,阪神,G1,Turf,1600,https://www.jra.go.jp/datafile/seiseki/g1/afs/result/afs2018.html
2018_daishogai2018,2018,12月22日土曜,J・GⅠ中山大障害,中山,G1,Obstacle,4100,https://www.jra.go.jp/datafile/seiseki/g1/daishogai/result/daishogai2018.html
2018_arima2018,2018,12月23日祝日・日曜,GⅠ有馬記念,中山,G1,Turf,2500,https://www.jra.go.jp/datafile/seiseki/g1/arima/result/arima2018.html
2018_hopeful2018,2018,12月28日金曜,GⅠホープフルS,中山,G1,Turf,2000,https://www.jra.go.jp/datafile/seiseki/g1/hopeful/result/hopeful2018.html
2019_feb2019,2019,2月17日日曜,GⅠフェブラリーS,東京,G1,Dirt,1600,https://www.jra.go.jp/datafile/seiseki/g1/feb/result/feb2019.html
2019_takamatsu2019,2019,3月24日日曜,GⅠ高松宮記念,中京,G1,Turf,1200,https://www.jra.go.jp/datafile/seiseki/g1/takamatsu/result/takamatsu2019.html
2019_osaka2019,2019,3月31日日曜,GⅠ大阪杯,阪神,G1,Turf,2000,https://www.jra.go.jp/datafile/seiseki/g1/osaka/result/osaka2019.html
2019_ouka2019,2019,4月7日日曜,GⅠ桜花賞,阪神,G1,Turf,1600,https://www.jra.go.jp/datafile/seiseki/g1/ouka/result/ouka2019.html
2019_ngj2019,2019,4月13日土曜,J・GⅠ中山グランドジャンプ,中山,G1,Obstacle,4250,https://www.jra.go.jp/datafile/seiseki/g1/ngj/result/ngj2019.html
2019_satsuki2019,2019,4月14日日曜,GⅠ皐月賞,中山,G1,Turf,2000,https://www.jra.go.jp/datafile/seiseki/g1/satsuki/result/satsuki2019.html
2019_haruten2019,2019,4月28日日曜,GⅠ天皇賞（春）,京都,G1,Turf,3200,https://www.jra.go.jp/datafile/seiseki/g1/haruten/result/haruten2019.html
2019_nmc2019,2019,5月5日祝日・日曜,GⅠNHKマイルC,東京,G1,Turf,1600,https://www.jra.go.jp/datafile/seiseki/g1/nmc/result/nmc2019.html
2019_victoria2019,2019,5月12日日曜,GⅠヴィクトリアマイル,東京,G1,Turf,1600,https://www.jra.go.jp/datafile/seiseki/g1/victoria/result/victoria2019.html
2019_oaks2019,2019,5月19日日曜,GⅠオークス,東京,G1,Turf,2400,https://www.jra.go.jp/datafile/seiseki/g1/oaks/result/oaks2019.html
2019_derby2019,2019,5月26日日曜,GⅠ日本ダービー,東京,G1,Turf,2400,https://www.jra.go.jp/datafile/seiseki/g1/derby/result/derby2019.html
2019_yasuda2019,2019,6月2日日曜,GⅠ安田記念,東京,G1,Turf,1600,https://www.jra.go.jp/datafile/seiseki/g1/yasuda/result/yasuda2019.html
2019_takara2019,2019,6月23日日曜,GⅠ宝塚記念,阪神,G1,Turf,2200,https://www.jra.go.jp/datafile/seiseki/g1/takara/result/takara2019.html
2019_sprint2019,2019,9月29日日曜,GⅠスプリンターズS,中山,G1,Turf,1200,https://www.jra.go.jp/datafile/seiseki/g1/sprint/result/sprint2019.html
2019_shuka2019,2019,10月13日日曜,GⅠ秋華賞,京都,G1,Turf,2000,https://www.jra.go.jp/datafile/seiseki/g1/shuka/result/shuka2019.html
2019_kikka2019,2019,10月20日日曜,GⅠ菊花賞,京都,G1,Turf,3000,https://www.jra.go.jp/datafile/seiseki/g1/kikka/result/kikka2019.html
2019_akiten2019,2019,10月27日日曜,GⅠ天皇賞（秋）,東京,G1,Turf,2000,https://www.jra.go.jp/datafile/seiseki/g1/akiten/result/akiten2019.html
2019_eliza2019,2019,11月10日日曜,GⅠエリザベス女王杯,京都,G1,Turf,2200,https://www.jra.go.jp/datafile/seiseki/g1/eliza/result/eliza2019.html
2019_mile2019,2019,11月17日日曜,GⅠマイルチャンピオンシップ,京都,G1,Turf,1600,https://www.jra.go.jp/datafile/seiseki/g1/mile/result/mile2019.html
2019_jc2019,2019,11月24日日曜,GⅠジャパンC,東京,G1,Turf,2400,https://www.jra.go.jp/datafile/seiseki/g1/jc/result/jc2019.html
2019_jcd2019,2019,12月1日日曜,GⅠチャンピオンズC,中京,G1,Dirt,1800,https://www.jra.go.jp/datafile/seiseki/g1/jcd/result/jcd2019.html
2019_hjf2019,2019,12月8日日曜,GⅠ阪神ジュベナイルF,阪神,G1,Turf,1600,https://www.jra.go.jp/datafile/seiseki/g1/hjf/result/hjf2019.html
2019_afs2019,2019,12月15日日曜,GⅠ朝日杯フューチュリティS,阪神,G1,Turf,1600,https://www.jra.go.jp/datafile/seiseki/g1/afs/result/afs2019.html
2019_daishogai2019,2019,12月21日土曜,J・GⅠ中山大障害,中山,G1,Obstacle,4100,https://www.jra.go.jp/datafile/seiseki/g1/daishogai/result/daishogai2019.html
2019_arima2019,2019,12月22日日曜,GⅠ有馬記念,中山,G1,Turf,2500,https://www.jra.go.jp/datafile/seiseki/g1/arima/result/arima2019.html
2019_hopeful2019,2019,12月28日土曜,GⅠホープフルS,中山,G1,Turf,2000,https://www.jra.go.jp/datafile/seiseki/g1/hopeful/result/hopeful2019.html
2020_feb2020,2020,2月23日祝日・日曜,GⅠフェブラリーS,東京,G1,Dirt,1600,https://www.jra.go.jp/datafile/seiseki/g1/feb/result/feb2020.html
2020_takamatsu2020,2020,3月29日日曜,GⅠ高松宮記念,中京,G1,Turf,1200,https://www.jra.go.jp/datafile/seiseki/g1/takamatsu/result/takamatsu2020.html
2020_osaka2020,2020,4月5日日曜,GⅠ大阪杯,阪神,G1,Turf,2000,https://www.jra.go.jp/datafile/seiseki/g1/osaka/result/osaka2020.html
2020_ouka2020,2020,4月12日日曜,GⅠ桜花賞,阪神,G1,Turf,1600,https://www.jra.go.jp/datafile/seiseki/g1/ouka/result/ouka2020.html
2020_ngj2020,2020,4月18日土曜,J・GⅠ中山グランドジャンプ,中山,G1,Obstacle,4250,https://www.jra.go.jp/datafile/seiseki/g1/ngj/result/ngj2020.html
2020_satsuki2020,2020,4月19日日曜,GⅠ皐月賞,中山,G1,Turf,2000,https://www.jra.go.jp/datafile/seiseki/g1/satsuki/result/satsuki2020.html
2020_haruten2020,2020,5月3日祝日・日曜,GⅠ天皇賞（春）,京都,G1,Turf,3200,https://www.jra.go.jp/datafile/seiseki/g1/haruten/result/haruten2020.html
2020_nmc2020,2020,5月10日日曜,GⅠNHKマイルC,東京,G1,Turf,1600,https://www.jra.go.jp/datafile/seiseki/g1/nmc/result/nmc2020.html
2020_victoria2020,2020,5月17日日曜,GⅠヴィクトリアマイル,東京,G1,Turf,1600,https://www.jra.go.jp/datafile/seiseki/g1/victoria/result/victoria2020.html
2020_oaks2020,2020,5月24日日曜,GⅠオークス,東京,G1,Turf,2400,https://www.jra.go.jp/datafile/seiseki/g1/oaks/result/oaks2020.html
2020_derby2020,2020,5月31日日曜,GⅠ日本ダービー,東京,G1,Turf,2400,https://www.jra.go.jp/datafile/seiseki/g1/derby/result/derby2020.html
2020_yasuda2020,2020,6月7日日曜,GⅠ安田記念,東京,G1,Turf,1600,https://www.jra.go.jp/datafile/seiseki/g1/yasuda/result/yasuda2020.html
2020_takara2020,2020,6月28日日曜,GⅠ宝塚記念,阪神,G1,Turf,2200,https://www.jra.go.jp/datafile/seiseki/g1/takara/result/takara2020.html
2020_sprint2020,2020,10月4日日曜,GⅠスプリンターズS,中山,G1,Turf,1200,https://www.jra.go.jp/datafile/seiseki/g1/sprint/result/sprint2020.html
2020_shuka2020,2020,10月18日日曜,GⅠ秋華賞,京都,G1,Turf,2000,https://www.jra.go.jp/datafile/seiseki/g1/shuka/result/shuka2020.html
2020_kikka2020,2020,10月25日日曜,GⅠ菊花賞,京都,G1,Turf,3000,https://www.jra.go.jp/datafile/seiseki/g1/kikka/result/kikka2020.html
2020_akiten2020,2020,11月1日日曜,GⅠ天皇賞（秋）,東京,G1,Turf,2000,https://www.jra.go.jp/datafile/seiseki/g1/akiten/result/akiten2020.html
2020_eliza2020,2020,11月15日日曜,GⅠエリザベス女王杯,阪神,G1,Turf,2200,https://www.jra.go.jp/datafile/seiseki/g1/eliza/result/eliza2020.html
2020_mile2020,2020,11月22日日曜,GⅠマイルチャンピオンシップ,阪神,G1,Turf,1600,https://www.jra.go.jp/datafile/seiseki/g1/mile/result/mile2020.html
2020_jc2020,2020,11月29日日曜,GⅠジャパンC,東京,G1,Turf,2400,https://www.jra.go.jp/datafile/seiseki/g1/jc/result/jc2020.html
2020_jcd2020,2020,12月6日日曜,GⅠチャンピオンズC,中京,G1,Dirt,1800,https://www.jra.go.jp/datafile/seiseki/g1/jcd/result/jcd2020.html
2020_hjf2020,2020,12月13日日曜,GⅠ阪神ジュベナイルF,阪神,G1,Turf,1600,https://www.jra.go.jp/datafile/seiseki/g1/hjf/result/hjf2020.html
2020_afs2020,2020,12月20日日曜,GⅠ朝日杯フューチュリティS,阪神,G1,Turf,1600,https://www.jra.go.jp/datafile/seiseki/g1/afs/result/afs2020.html
2020_daishogai2020,2020,12月26日土曜,J・GⅠ中山大障害,中山,G1,Obstacle,4100,https://www.jra.go.jp/datafile/seiseki/g1/daishogai/result/daishogai2020.html
2020_hopeful2020,2020,12月26日土曜,GⅠホープフルS,中山,G1,Turf,2000,https://www.jra.go.jp/datafile/seiseki/g1/hopeful/result/hopeful2020.html
2020_arima2020,2020,12月27日日曜,GⅠ有馬記念,中山,G1,Turf,2500,https://www.jra.go.jp/datafile/seiseki/g1/arima/result/arima2020.html
2016_feb2016,2016,2月21日日曜,GⅠフェブラリーS,東京,G1,Dirt,1600,https://www.jra.go.jp/datafile/seiseki/g1/feb/result/feb2016.html
2016_takamatsu2016,2016,3月27日日曜,GⅠ高松宮記念,中京,G1,Turf,1200,https://www.jra.go.jp/datafile/seiseki/g1/takamatsu/result/takamatsu2016.html
2016_ouka2016,2016,4月10日日曜,GⅠ桜花賞,阪神,G1,Turf,1600,https://www.jra.go.jp/datafile/seiseki/g1/ouka/result/ouka2016.html
2016_ngj2016,2016,4月16日土曜,J・GⅠ中山グランドジャンプ,中山,G1,Obstacle,4250,https://www.jra.go.jp/datafile/seiseki/g1/ngj/result/ngj2016.html
2016_satsuki2016,2016,4月17日日曜,GⅠ皐月賞,中山,G1,Turf,2000,https://www.jra.go.jp/datafile/seiseki/g1/satsuki/result/satsuki2016.html
2016_haruten2016,2016,5月1日日曜,GⅠ天皇賞（春）,京都,G1,Turf,3200,https://www.jra.go.jp/datafile/seiseki/g1/haruten/result/haruten2016.html
2016_nmc2016,2016,5月8日日曜,GⅠNHKマイルC,東京,G1,Turf,1600,https://www.jra.go.jp/datafile/seiseki/g1/nmc/result/nmc2016.html
2016_victoria2016,2016,5月15日日曜,GⅠヴィクトリアマイル,東京,G1,Turf,1600,https://www.jra.go.jp/datafile/seiseki/g1/victoria/result/victoria2016.html
2016_oaks2016,2016,5月22日日曜,GⅠオークス,東京,G1,Turf,2400,https://www.jra.go.jp/datafile/seiseki/g1/oaks/result/oaks2016.html
2016_derby2016,2016,5月29日日曜,GⅠ日本ダービー,東京,G1,Turf,2400,https://www.jra.go.jp/datafile/seiseki/g1/derby/result/derby2016.html
2016_yasuda2016,2016,6月5日日曜,GⅠ安田記念,東京,G1,Turf,1600,https://www.jra.go.jp/datafile/seiseki/g1/yasuda/result/yasuda2016.html
2016_takara2016,2016,6月26日日曜,GⅠ宝塚記念,阪神,G1,Turf,2200,https://www.jra.go.jp/datafile/seiseki/g1/takara/result/takara2016.html
2016_sprint2016,2016,10月2日日曜,GⅠスプリンターズS,中山,G1,Turf,1200,https://www.jra.go.jp/datafile/seiseki/g1/sprint/result/sprint2016.html
2016_shuka2016,2016,10月16日日曜,GⅠ秋華賞,京都,G1,Turf,2000,https://www.jra.go.jp/datafile/seiseki/g1/shuka/result/shuka2016.html
2016_kikka2016,2016,10月23日日曜,GⅠ菊花賞,京都,G1,Turf,3000,https://www.jra.go.jp/datafile/seiseki/g1/kikka/result/kikka2016.html
2016_akiten2016,2016,10月30日日曜,GⅠ天皇賞（秋）,東京,G1,Turf,2000,https://www.jra.go.jp/datafile/seiseki/g1/akiten/result/akiten2016.html
2016_eliza2016,2016,11月13日日曜,GⅠエリザベス女王杯,京都,G1,Turf,2200,https://www.jra.go.jp/datafile/seiseki/g1/eliza/result/eliza2016.html
2016_mile2016,2016,11月20日日曜,GⅠマイルチャンピオンシップ,京都,G1,Turf,1600,https://www.jra.go.jp/datafile/seiseki/g1/mile/result/mile2016.html
2016_jc2016,2016,11月27日日曜,GⅠジャパンC,東京,G1,Turf,2400,https://www.jra.go.jp/datafile/seiseki/g1/jc/result/jc2016.html
2016_jcd2016,2016,12月4日日曜,GⅠチャンピオンズC,中京,G1,Dirt,1800,https://www.jra.go.jp/datafile/seiseki/g1/jcd/result/jcd2016.html
2016_hjf2016,2016,12月11日日曜,GⅠ阪神ジュベナイルF,阪神,G1,Turf,1600,https://www.jra.go.jp/datafile/seiseki/g1/hjf/result/hjf2016.html
2016_afs2016,2016,12月18日日曜,GⅠ朝日杯フューチュリティS,阪神,G1,Turf,1600,https://www.jra.go.jp/datafile/seiseki/g1/afs/result/afs2016.html
2016_daishogai2016,2016,12月23日祝日・金曜,J・GⅠ中山大障害,中山,G1,Obstacle,4100,https://www.jra.go.jp/datafile/seiseki/g1/daishogai/result/daishogai2016.html
2016_arima2016,2016,12月25日日曜,GⅠ有馬記念,中山,G1,Turf,2500,https://www.jra.go.jp/datafile/seiseki/g1/arima/result/arima2016.html
