horse_id,horse_name,ancestor_id,ancestor_name,generation,line
0000242409,アグネスウイング,0000333830,アウザール(USA),1,S
0000242409,アグネスウイング,0000336154,Shergar(GB),2,SS
0000242409,アグネスウイング,0000390842,Galletto(USA),3,SSS
0000242409,アグネスウイング,0000334667,Great Nephew(GB),4,SSSS
0000242409,アグネスウイング,0000390840,Sharmeen(FR),5,SSSSS
0000242409,アグネスウイング,0000333996,Nijinsky(CAN),5,SSSSD
0000242409,アグネスウイング,0000390841,Gaia(GB),4,SSSD
0000242409,アグネスウイング,0000334300,Honeyway(GB),5,SSSDS
0000242409,アグネスウイング,0000388855,Sybil's Niece(GB),5,SSSDD
0000242409,アグネスウイング,0000333921,Val de Loir(FR),3,SSD
0000242409,アグネスウイング,0000390839,Nasreen(IRE),4,SSDS
0000242409,アグネスウイング,0000334002,Northern Dancer(CAN),5,SSDSS
0000242409,アグネスウイング,0000387574,Flaming Page(CAN),5,SSDSD
0000242409,アグネスウイング,0000333967,Charlottesville(GB),4,SSDD
0000242409,アグネスウイング,0000384321,Ghana(GB),5,SSDDS
0000242409,アグネスウイング,0000334876,Fairway(GB),5,SSDDD
0000242409,アグネスウイング,0000386497,Honey Buzzard(GB),2,SD
0000242409,アグネスウイング,0000335384,Admiral's Walk(GB),3,SDS
0000242409,アグネスウイング,0000388856,Sybil's Sister(GB),4,SDSS
0000242409,アグネスウイング,0000338897,Vieux Manoir(FR),5,SDSSS
0000242409,アグネスウイング,0000389014,Vali(FR),5,SDSSD
0000242409,アグネスウイング,0000333967,Charlottesville(GB),4,SDSD
0000242409,アグネスウイング,0000390838,Ginetta(GB),5,SDSDS
0000242409,アグネスウイング,0000334378,Nearctic(CAN),5,SDSDD
0000242409,アグネスウイング,0000386225,Natalma(USA),3,SDD
0000242409,アグネスウイング,0000335434,Bull Page(USA),4,SDDS
0000242409,アグネスウイング,0000387578,Flaring Top(USA),5,SDDSS
0000242409,アグネスウイング,0000334433,Prince Chevalier(FR),5,SDDSD
0000242409,アグネスウイング,0000388304,Noorani(GB),4,SDDD
0000242409,アグネスウイング,0000334144,Botticelli(ITY),5,SDDDS
0000242409,アグネスウイング,0000384857,Grolldochnicht(GER),5,SDDDD
0000242409,アグネスウイング,0000124921,アグネスチーフ,1,D
0000242409,アグネスウイング,0000333535,トライバルチーフ(GB),2,DS
0000242409,アグネスウイング,0000018901,イコマエイカン,3,DSS
0000242409,アグネスウイング,0000334436,Princely Gift(GB),4,DSSS
0000242409,アグネスウイング,0000386379,Mwanza(GB),5,DSSSS
0000242409,アグネスウイング,0000334477,Sallymount(GB),5,DSSSD
0000242409,アグネスウイング,0000378597,ヘザーランズ(GB),4,DSSD
0000242409,アグネスウイング,0000334374,Nasrullah(GB),5,DSSDS
0000242409,アグネスウイング,0000387056,Blue Gem(GB),5,DSSDD
0000242409,アグネスウイング,0000334416,Petition(GB),3,DSD
0000242409,アグネスウイング,0000387963,Lake Tanganyika(GB),4,DSDS
0000242409,アグネスウイング,0000333989,Tudor Minstrel(GB),5,DSDSS
0000242409,アグネスウイング,0000389900,Queen of Shiraz(GB),5,DSDSD
0000242409,アグネスウイング,0000334527,Tenerani(ITY),4,DSDD
0000242409,アグネスウイング,0000384642,Dark Brocade(GB),5,DSDDS
0000242409,アグネスウイング,0000334377,Nearco(ITY),5,DSDDD
0000242409,アグネスウイング,0000388233,Mumtaz Begum(FR),2,DD
0000242409,アグネスウイング,0000347464,Blue Peter(GB),3,DDS
0000242409,アグネスウイング,0000388758,Sparkle(GB),4,DDSS
0000242409,アグネスウイング,0000334245,Fair Trial(GB),5,DDSSS
0000242409,アグネスウイング,0000386913,Art Paper(GB),5,DDSSD
0000242409,アグネスウイング,0000335737,Ujiji(GB),4,DDSD
0000242409,アグネスウイング,0000387057,Blue Girl(GB),5,DDSDS
0000242409,アグネスウイング,0000334403,Owen Tudor(GB),5,DDSDD
0000242409,アグネスウイング,0000388630,Sansonnet(GB),3,DDD
0000242409,アグネスウイング,0000334842,Bahram(GB),4,DDDS
0000242409,アグネスウイング,0000401526,Qurrat-al-Ain(GB),5,DDDSS
0000242409,アグネスウイング,0000334947,Bellini(GB),5,DDDSD
0000242409,アグネスウイング,0000388930,Tofanella(GB),4,DDDD
0000242409,アグネスウイング,0000337246,Le Ksar(FR),5,DDDDS
0000242409,アグネスウイング,0000394065,Light Brocade(GB),5,DDDDD
0000323729,アサカディフィート,0000225913,パラダイスクリーク(USA),1,S
0000323729,アサカディフィート,0000336421,Irish River(FR),2,SS
0000323729,アサカディフィート,0000419753,North of Eden(IRE),3,SSS
0000323729,アサカディフィート,0000335664,Riverman(USA),4,SSSS
0000323729,アサカディフィート,0000391678,Irish Star(FR),5,SSSSS
0000323729,アサカディフィート,0000334003,Northfields(USA),5,SSSSD
0000323729,アサカディフィート,0000383754,ツリーオブノレッジ(IRE),4,SSSD
0000323729,アサカディフィート,0000334001,Never Bend(USA),5,SSSDS
0000323729,アサカディフィート,0000388565,River Lady(USA),5,SSSDD
0000323729,アサカディフィート,0000334323,Klairon(FR),3,SSD
0000323729,アサカディフィート,0000391677,Botany Bay(FR),4,SSDS
0000323729,アサカディフィート,0000334002,Northern Dancer(CAN),5,SSDSS
0000323729,アサカディフィート,0000386241,Little Hut(USA),5,SSDSD
0000323729,アサカディフィート,0000333959,Sassafras(FR),4,SSDD
0000323729,アサカディフィート,0000390860,Sensibility(USA),5,SSDDS
0000323729,アサカディフィート,0000334374,Nasrullah(GB),5,SSDDD
0000323729,アサカディフィート,0000387965,Lalun(USA),2,SD
0000323729,アサカディフィート,0000334435,Prince John(USA),3,SDS
0000323729,アサカディフィート,0000385176,Nile Lily(USA),4,SDSS
0000323729,アサカディフィート,0000334967,Clarion(FR),5,SDSSS
0000323729,アサカディフィート,0000387885,Kalmia(FR),5,SDSSD
0000323729,アサカディフィート,0000336420,East Side(GB),4,SDSD
0000323729,アサカディフィート,0000387036,Black Brook(FR),5,SDSDS
0000323729,アサカディフィート,0000334378,Nearctic(CAN),5,SDSDD
0000323729,アサカディフィート,0000386225,Natalma(USA),3,SDD
0000323729,アサカディフィート,0000335611,Occupy(USA),4,SDDS
0000323729,アサカディフィート,0000386446,Savage Beauty(USA),5,SDDSS
0000323729,アサカディフィート,0000333965,Sheshoon(GB),5,SDDSD
0000323729,アサカディフィート,0000386275,Ruta(FR),4,SDDD
0000323729,アサカディフィート,0000334286,Hail to Reason(USA),5,SDDDS
0000323729,アサカディフィート,0000388364,Pange(GB),5,SDDDD
0000323729,アサカディフィート,0000383352,スプリームクィーン(USA),1,D
0000323729,アサカディフィート,0000336305,Alydar(USA),2,DS
0000323729,アサカディフィート,0000394489,Knightly Belle(USA),3,DSS
0000323729,アサカディフィート,0000334066,Raise a Native(USA),4,DSSS
0000323729,アサカディフィート,0000388847,Sweet Tooth(USA),5,DSSSS
0000323729,アサカディフィート,0000336483,Knightly Manner(USA),5,DSSSD
0000323729,アサカディフィート,0000394488,Belle Poule(USA),4,DSSD
0000323729,アサカディフィート,0000334375,Native Dancer(USA),5,DSSDS
0000323729,アサカディフィート,0000388521,Raise You(USA),5,DSSDD
0000323729,アサカディフィート,0000334398,On-and-On(USA),3,DSD
0000323729,アサカディフィート,0000388441,Plum Cake(USA),4,DSDS
0000323729,アサカディフィート,0000345057,Round Table(USA),5,DSDSS
0000323729,アサカディフィート,0000389206,Courtesy(USA),5,DSDSD
0000323729,アサカディフィート,0000334113,Barbizon(USA),4,DSDD
0000323729,アサカディフィート,0000387212,Chinchon(USA),5,DSDDS
0000323729,アサカディフィート,0000334853,Polynesian(USA),5,DSDDD
0000323729,アサカディフィート,0000387667,Geisha(USA),2,DD
0000323729,アサカディフィート,0000335441,Case Ace(USA),3,DDS
0000323729,アサカディフィート,0000387933,Lady Glory(USA),4,DDSS
0000323729,アサカディフィート,0000334374,Nasrullah(GB),5,DDSSS
0000323729,アサカディフィート,0000388990,Two Lea(USA),5,DDSSD
0000323729,アサカディフィート,0000335642,Ponder(USA),4,DDSD
0000323729,アサカディフィート,0000388528,Real Delight(USA),5,DDSDS
0000323729,アサカディフィート,0000339120,Princequillo(IRE),5,DDSDD
0000323729,アサカディフィート,0000401513,Knights Daughter(GB),3,DDD
0000323729,アサカディフィート,0000334374,Nasrullah(GB),4,DDDS
0000323729,アサカディフィート,0000387777,Highway Code(GB),5,DDDSS
0000323729,アサカディフィート,0000334853,Polynesian(USA),5,DDDSD
0000323729,アサカディフィート,0000387707,Good Blood(USA),4,DDDD
0000323729,アサカディフィート,0000334993,Goya(FR),5,DDDDS
0000323729,アサカディフィート,0000388213,Monsoon(USA),5,DDDDD
0000723210,アズマサンダース,0000333862,サンデーサイレンス(USA),1,S
0000723210,アズマサンダース,0000335154,Halo(USA),2,SS
0000723210,アズマサンダース,0000393162,Wishing Well(USA),3,SSS
0000723210,アズマサンダース,0000334286,Hail to Reason(USA),4,SSSS
0000723210,アズマサンダース,0000387273,Cosmah(USA),5,SSSSS
0000723210,アズマサンダース,0000336892,Understanding(USA),5,SSSSD
0000723210,アズマサンダース,0000393161,Mountain Flower(USA),4,SSSD
0000723210,アズマサンダース,0000334560,Turn-to(IRE),5,SSSDS
0000723210,アズマサンダース,0000388312,Nothirdchance(USA),5,SSSDD
0000723210,アズマサンダース,0000335457,Cosmic Bomb(USA),3,SSD
0000723210,アズマサンダース,0000386852,Almahmoud(USA),4,SSDS
0000723210,アズマサンダース,0000334029,Promised Land(USA),5,SSDSS
0000723210,アズマサンダース,0000385295,Pretty Ways(USA),5,SSDSD
0000723210,アズマサンダース,0000336896,Montparnasse(ARG),4,SSDD
0000723210,アズマサンダース,0000393160,Edelweiss(USA),5,SSDDS
0000723210,アズマサンダース,0000334857,Royal Charger(GB),5,SSDDD
0000723210,アズマサンダース,0000388755,Source Sucree(FR),2,SD
0000723210,アズマサンダース,0000335418,Blue Swords(USA),3,SDS
0000723210,アズマサンダース,0000387644,Galla Colors(USA),4,SDSS
0000723210,アズマサンダース,0000335009,Pharamond(GB),5,SDSSS
0000723210,アズマサンダース,0000386953,Banish Fear(USA),5,SDSSD
0000723210,アズマサンダース,0000334823,Mahmoud(FR),4,SDSD
0000723210,アズマサンダース,0000389152,Arbitrator(USA),5,SDSDS
0000723210,アズマサンダース,0000335790,Palestinian(USA),5,SDSDD
0000723210,アズマサンダース,0000388070,Mahmoudess(USA),3,SDD
0000723210,アズマサンダース,0000334508,Stymie(USA),4,SDDS
0000723210,アズマサンダース,0000388472,Pretty Jo(USA),5,SDDSS
0000723210,アズマサンダース,0000334284,Gulf Stream(GB),5,SDDSD
0000723210,アズマサンダース,0000393157,Mignon(ARG),4,SDDD
0000723210,アズマサンダース,0000334297,Hillary(USA),5,SDDDS
0000723210,アズマサンダース,0000393159,Dowager(USA),5,SDDDD
0000723210,アズマサンダース,0000234049,オースミシャイン,1,D
0000723210,アズマサンダース,0000140567,シンボリルドルフ,2,DS
0000723210,アズマサンダース,0000128083,コランデアガール,3,DSS
0000723210,アズマサンダース,0000333257,パーソロン(IRE),4,DSSS
0000723210,アズマサンダース,0000050973,スイートルナ,5,DSSSS
0000723210,アズマサンダース,0000333254,ネヴアービート(GB),5,DSSSD
0000723210,アズマサンダース,0000050181,ヤヨイカマダ,4,DSSD
0000723210,アズマサンダース,0000334048,Milesian(GB),5,DSSDS
0000723210,アズマサンダース,0000389829,Paleo(FR),5,DSSDD
0000723210,アズマサンダース,0000010412,スピードシンボリ,3,DSD
0000723210,アズマサンダース,0000378544,ダンスタイム(IRE),4,DSDS
0000723210,アズマサンダース,0000334000,Never Say Die(USA),5,DSDSS
0000723210,アズマサンダース,0000384536,Bride Elect(GB),5,DSDSD
0000723210,アズマサンダース,0000333224,チヤイナロツク(GB),4,DSDD
0000723210,アズマサンダース,0000378499,コランデイア(GB),5,DSDDS
0000723210,アズマサンダース,0000334371,My Babu(FR),5,DSDDD
0000723210,アズマサンダース,0000385200,Oatflake(GB),2,DD
0000723210,アズマサンダース,0000334418,Pharis(FR),3,DDS
0000723210,アズマサンダース,0000387135,Calonice(FR),4,DDSS
0000723210,アズマサンダース,0000333233,ロイヤルチヤレンヂヤー(IRE),5,DDSSS
0000723210,アズマサンダース,0000005709,スイートイン,5,DDSSD
0000723210,アズマサンダース,0000334405,Palestine(GB),4,DDSD
0000723210,アズマサンダース,0000385393,Samaritaine(FR),5,DDSDS
0000723210,アズマサンダース,0000334374,Nasrullah(GB),5,DDSDD
0000723210,アズマサンダース,0000388715,Singing Grass(USA),3,DDD
0000723210,アズマサンダース,0000334129,Big Game(GB),4,DDDS
0000723210,アズマサンダース,0000401502,Netherton Maid(GB),5,DDDSS
0000723210,アズマサンダース,0000334462,Rockefella(GB),5,DDDSD
0000723210,アズマサンダース,0000388123,May Wong(FR),4,DDDD
0000723210,アズマサンダース,0000334107,Auriban(FR),5,DDDDS
0000723210,アズマサンダース,0000384435,Arlanza(FR),5,DDDDD
0000714290,アタゴタイショウ,0000347814,Silver Deputy(CAN),1,S
0000714290,アタゴタイショウ,0000338072,Deputy Minister(CAN),2,SS
0000714290,アタゴタイショウ,0000397017,Silver Valley(USA),3,SSS
0000714290,アタゴタイショウ,0000336132,Vice Regent(CAN),4,SSSS
0000714290,アタゴタイショウ,0000392196,Mint Copy(CAN),5,SSSSS
0000714290,アタゴタイショウ,0000335975,Mr. Prospector(USA),5,SSSSD
0000714290,アタゴタイショウ,0000397016,Seven Valleys(USA),4,SSSD
0000714290,アタゴタイショウ,0000334002,Northern Dancer(CAN),5,SSSDS
0000714290,アタゴタイショウ,0000389443,Victoria Regina(CAN),5,SSSDD
0000714290,アタゴタイショウ,0000336550,Bunty's Flight(CAN),3,SSD
0000714290,アタゴタイショウ,0000392195,Shakney(USA),4,SSDS
0000714290,アタゴタイショウ,0000334066,Raise a Native(USA),5,SSDSS
0000714290,アタゴタイショウ,0000389632,Gold Digger(USA),5,SSDSD
0000714290,アタゴタイショウ,0000340737,Road At Sea(USA),4,SSDD
0000714290,アタゴタイショウ,0000397015,Proud Pied(USA),5,SSDDS
0000714290,アタゴタイショウ,0000334378,Nearctic(CAN),5,SSDDD
0000714290,アタゴタイショウ,0000386225,Natalma(USA),2,SD
0000714290,アタゴタイショウ,0000335781,Menetrier(FR),3,SDS
0000714290,アタゴタイショウ,0000389051,Victoriana(USA),4,SDSS
0000714290,アタゴタイショウ,0000334979,Bunty Lawless(USA),5,SDSSS
0000714290,アタゴタイショウ,0000392194,Broomflight(USA),5,SDSSD
0000714290,アタゴタイショウ,0000336551,Jabneh(USA),4,SDSD
0000714290,アタゴタイショウ,0000390917,Grass Shack(USA),5,SDSDS
0000714290,アタゴタイショウ,0000334375,Native Dancer(USA),5,SDSDD
0000714290,アタゴタイショウ,0000388521,Raise You(USA),3,SDD
0000714290,アタゴタイショウ,0000334373,Nashua(USA),4,SDDS
0000714290,アタゴタイショウ,0000389398,Sequence(USA),5,SDDSS
0000714290,アタゴタイショウ,0000334036,Bald Eagle(USA),5,SDDSD
0000714290,アタゴタイショウ,0000397013,Hard-a-Lee(USA),4,SDDD
0000714290,アタゴタイショウ,0000334483,Seven Corners(USA),5,SDDDS
0000714290,アタゴタイショウ,0000397014,Ancient History(USA),5,SDDDD
0000714290,アタゴタイショウ,0000713968,Soaring Sultana(USA),1,D
0000714290,アタゴタイショウ,0000336380,Northjet(IRE),2,DS
0000714290,アタゴタイショウ,0000434683,Prospector's Queen(USA),3,DSS
0000714290,アタゴタイショウ,0000334003,Northfields(USA),4,DSSS
0000714290,アタゴタイショウ,0000389283,Jellatina(IRE),5,DSSSS
0000714290,アタゴタイショウ,0000335975,Mr. Prospector(USA),5,DSSSD
0000714290,アタゴタイショウ,0000411772,Fearless Queen(USA),4,DSSD
0000714290,アタゴタイショウ,0000334002,Northern Dancer(CAN),5,DSSDS
0000714290,アタゴタイショウ,0000386241,Little Hut(USA),5,DSSDD
0000714290,アタゴタイショウ,0000333346,フオルテイノ(FR),3,DSD
0000714290,アタゴタイショウ,0000388507,Queenpot(GB),4,DSDS
0000714290,アタゴタイショウ,0000334066,Raise a Native(USA),5,DSDSS
0000714290,アタゴタイショウ,0000389632,Gold Digger(USA),5,DSDSD
0000714290,アタゴタイショウ,0000334649,Iron Ruler(USA),4,DSDD
0000714290,アタゴタイショウ,0000411771,Reckless(FR),5,DSDDS
0000714290,アタゴタイショウ,0000334378,Nearctic(CAN),5,DSDDD
0000714290,アタゴタイショウ,0000386225,Natalma(USA),2,DD
0000714290,アタゴタイショウ,0000335611,Occupy(USA),3,DDS
0000714290,アタゴタイショウ,0000386446,Savage Beauty(USA),4,DDSS
0000714290,アタゴタイショウ,0000333952,Grey Sovereign(GB),5,DDSSS
0000714290,アタゴタイショウ,0000388524,Ranavalo(FR),5,DDSSD
0000714290,アタゴタイショウ,0000334129,Big Game(GB),4,DDSD
0000714290,アタゴタイショウ,0000388447,Poker Chip(GB),5,DDSDS
0000714290,アタゴタイショウ,0000334375,Native Dancer(USA),5,DDSDD
0000714290,アタゴタイショウ,0000388521,Raise You(USA),3,DDD
0000714290,アタゴタイショウ,0000334373,Nashua(USA),4,DDDS
0000714290,アタゴタイショウ,0000389398,Sequence(USA),5,DDDSS
0000714290,アタゴタイショウ,0000334001,Never Bend(USA),5,DDDSD
0000714290,アタゴタイショウ,0000388320,Obedient(USA),4,DDDD
0000714290,アタゴタイショウ,0000334433,Prince Chevalier(FR),5,DDDDS
0000714290,アタゴタイショウ,0000418143,Dasher(GB),5,DDDDD
0000737164,アドマイヤジャパン,0000333862,サンデーサイレンス(USA),1,S
0000737164,アドマイヤジャパン,0000335154,Halo(USA),2,SS
0000737164,アドマイヤジャパン,0000393162,Wishing Well(USA),3,SSS
0000737164,アドマイヤジャパン,0000334286,Hail to Reason(USA),4,SSSS
0000737164,アドマイヤジャパン,0000387273,Cosmah(USA),5,SSSSS
0000737164,アドマイヤジャパン,0000336892,Understanding(USA),5,SSSSD
0000737164,アドマイヤジャパン,0000393161,Mountain Flower(USA),4,SSSD
0000737164,アドマイヤジャパン,0000334560,Turn-to(IRE),5,SSSDS
0000737164,アドマイヤジャパン,0000388312,Nothirdchance(USA),5,SSSDD
0000737164,アドマイヤジャパン,0000335457,Cosmic Bomb(USA),3,SSD
0000737164,アドマイヤジャパン,0000386852,Almahmoud(USA),4,SSDS
0000737164,アドマイヤジャパン,0000334029,Promised Land(USA),5,SSDSS
0000737164,アドマイヤジャパン,0000385295,Pretty Ways(USA),5,SSDSD
0000737164,アドマイヤジャパン,0000336896,Montparnasse(ARG),4,SSDD
0000737164,アドマイヤジャパン,0000393160,Edelweiss(USA),5,SSDDS
0000737164,アドマイヤジャパン,0000334857,Royal Charger(GB),5,SSDDD
0000737164,アドマイヤジャパン,0000388755,Source Sucree(FR),2,SD
0000737164,アドマイヤジャパン,0000335418,Blue Swords(USA),3,SDS
0000737164,アドマイヤジャパン,0000387644,Galla Colors(USA),4,SDSS
0000737164,アドマイヤジャパン,0000335009,Pharamond(GB),5,SDSSS
0000737164,アドマイヤジャパン,0000386953,Banish Fear(USA),5,SDSSD
0000737164,アドマイヤジャパン,0000334823,Mahmoud(FR),4,SDSD
0000737164,アドマイヤジャパン,0000389152,Arbitrator(USA),5,SDSDS
0000737164,アドマイヤジャパン,0000335790,Palestinian(USA),5,SDSDD
0000737164,アドマイヤジャパン,0000388070,Mahmoudess(USA),3,SDD
0000737164,アドマイヤジャパン,0000334508,Stymie(USA),4,SDDS
0000737164,アドマイヤジャパン,0000388472,Pretty Jo(USA),5,SDDSS
0000737164,アドマイヤジャパン,0000334284,Gulf Stream(GB),5,SDDSD
0000737164,アドマイヤジャパン,0000393157,Mignon(ARG),4,SDDD
0000737164,アドマイヤジャパン,0000334297,Hillary(USA),5,SDDDS
0000737164,アドマイヤジャパン,0000393159,Dowager(USA),5,SDDDD
0000737164,アドマイヤジャパン,0000275176,ビワハイジ,1,D
0000737164,アドマイヤジャパン,0000336202,Caerleon(USA),2,DS
0000737164,アドマイヤジャパン,0000383652,アグサン(IRE),3,DSS
0000737164,アドマイヤジャパン,0000333996,Nijinsky(CAN),4,DSSS
0000737164,アドマイヤジャパン,0000391026,Foreseer(USA),5,DSSSS
0000737164,アドマイヤジャパン,0000334343,Lord Gayle(USA),5,DSSSD
0000737164,アドマイヤジャパン,0000390957,Santa Luciana(GER),4,DSSD
0000737164,アドマイヤジャパン,0000334002,Northern Dancer(CAN),5,DSSDS
0000737164,アドマイヤジャパン,0000387574,Flaming Page(CAN),5,DSSDD
0000737164,アドマイヤジャパン,0000345057,Round Table(USA),3,DSD
0000737164,アドマイヤジャパン,0000391025,Regal Gleam(USA),4,DSDS
0000737164,アドマイヤジャパン,0000335850,Sir Gaylord(USA),5,DSDSS
0000737164,アドマイヤジャパン,0000388791,Sticky Case(GB),5,DSDSD
0000737164,アドマイヤジャパン,0000335281,Luciano(GB),4,DSDD
0000737164,アドマイヤジャパン,0000390218,Suleika(GER),5,DSDDS
0000737164,アドマイヤジャパン,0000334378,Nearctic(CAN),5,DSDDD
0000737164,アドマイヤジャパン,0000386225,Natalma(USA),2,DD
0000737164,アドマイヤジャパン,0000335434,Bull Page(USA),3,DDS
0000737164,アドマイヤジャパン,0000387578,Flaring Top(USA),4,DDSS
0000737164,アドマイヤジャパン,0000339120,Princequillo(IRE),5,DDSSS
0000737164,アドマイヤジャパン,0000401513,Knights Daughter(GB),5,DDSSD
0000737164,アドマイヤジャパン,0000334286,Hail to Reason(USA),4,DDSD
0000737164,アドマイヤジャパン,0000391024,Miz Carol(USA),5,DDSDS
0000737164,アドマイヤジャパン,0000334560,Turn-to(IRE),5,DDSDD
0000737164,アドマイヤジャパン,0000388747,Somethingroyal(USA),3,DDD
0000737164,アドマイヤジャパン,0000334188,Court Martial(GB),4,DDDS
0000737164,アドマイヤジャパン,0000388609,Run Honey(GB),5,DDDSS
0000737164,アドマイヤジャパン,0000334031,Henry the Seventh(GB),5,DDDSD
0000737164,アドマイヤジャパン,0000391001,Light Arctic(GB),4,DDDD
0000737164,アドマイヤジャパン,0000335024,Ticino(GER),5,DDDDS
0000737164,アドマイヤジャパン,0000390219,Schwarzblaurot(GER),5,DDDDD
0000612385,アルスブランカ,0000337436,ラストタイクーン(IRE),1,S
0000612385,アルスブランカ,0000336129,トライマイベスト(USA),2,SS
0000612385,アルスブランカ,0000394676,Mill Princess(IRE),3,SSS
0000612385,アルスブランカ,0000334002,Northern Dancer(CAN),4,SSSS
0000612385,アルスブランカ,0000390754,Sex Appeal(USA),5,SSSSS
0000612385,アルスブランカ,0000334047,Mill Reef(USA),5,SSSSD
0000612385,アルスブランカ,0000387837,Irish Lass(GB),4,SSSD
0000612385,アルスブランカ,0000334378,Nearctic(CAN),5,SSSDS
0000612385,アルスブランカ,0000386225,Natalma(USA),5,SSSDD
0000612385,アルスブランカ,0000334012,Buckpasser(USA),3,SSD
0000612385,アルスブランカ,0000390753,Best in Show(USA),4,SSDS
0000612385,アルスブランカ,0000334001,Never Bend(USA),5,SSDSS
0000612385,アルスブランカ,0000389320,Milan Mill(USA),5,SSDSD
0000612385,アルスブランカ,0000334479,Sayajirao(GB),4,SSDD
0000612385,アルスブランカ,0000388652,Scollata(IRE),5,SSDDS
0000612385,アルスブランカ,0000334377,Nearco(ITY),5,SSDDD
0000612385,アルスブランカ,0000387922,Lady Angela(GB),2,SD
0000612385,アルスブランカ,0000334375,Native Dancer(USA),3,SDS
0000612385,アルスブランカ,0000386852,Almahmoud(USA),4,SDSS
0000612385,アルスブランカ,0000334545,Tom Fool(USA),5,SDSSS
0000612385,アルスブランカ,0000389645,Busanda(USA),5,SDSSD
0000612385,アルスブランカ,0000334552,Traffic Judge(USA),4,SDSD
0000612385,アルスブランカ,0000390752,Stolen Hour(USA),5,SDSDS
0000612385,アルスブランカ,0000334374,Nasrullah(GB),5,SDSDD
0000612385,アルスブランカ,0000387965,Lalun(USA),3,SDD
0000612385,アルスブランカ,0000339120,Princequillo(IRE),4,SDDS
0000612385,アルスブランカ,0000386297,Virginia Water(USA),5,SDDSS
0000612385,アルスブランカ,0000334377,Nearco(ITY),5,SDDSD
0000612385,アルスブランカ,0000385370,Rosy Legend(FR),4,SDDD
0000612385,アルスブランカ,0000334384,Niccolo Dell'Arca(ITY),5,SDDDS
0000612385,アルスブランカ,0000386217,Cutaway(GB),5,SDDDD
0000612385,アルスブランカ,0000383655,チカリー(IRE),1,D
0000612385,アルスブランカ,0000336572,Sadler's Wells(USA),2,DS
0000612385,アルスブランカ,0000414936,Flyaway Bride(USA),3,DSS
0000612385,アルスブランカ,0000334002,Northern Dancer(CAN),4,DSSS
0000612385,アルスブランカ,0000392264,Fairy Bridge(USA),5,DSSSS
0000612385,アルスブランカ,0000335274,Blushing Groom(FR),5,DSSSD
0000612385,アルスブランカ,0000406422,Blue Angel's Image(CAN),4,DSSD
0000612385,アルスブランカ,0000334378,Nearctic(CAN),5,DSSDS
0000612385,アルスブランカ,0000386225,Natalma(USA),5,DSSDD
0000612385,アルスブランカ,0000334859,Bold Reason(USA),3,DSD
0000612385,アルスブランカ,0000390581,Special(USA),4,DSDS
0000612385,アルスブランカ,0000334068,Red God(USA),5,DSDSS
0000612385,アルスブランカ,0000388608,Runaway Bride(GB),5,DSDSD
0000612385,アルスブランカ,0000335224,Ruritania(USA),4,DSDD
0000612385,アルスブランカ,0000393955,Dancing Angela(USA),5,DSDDS
0000612385,アルスブランカ,0000334377,Nearco(ITY),5,DSDDD
0000612385,アルスブランカ,0000387922,Lady Angela(GB),2,DD
0000612385,アルスブランカ,0000334375,Native Dancer(USA),3,DDS
0000612385,アルスブランカ,0000386852,Almahmoud(USA),4,DDSS
0000612385,アルスブランカ,0000334286,Hail to Reason(USA),5,DDSSS
0000612385,アルスブランカ,0000387965,Lalun(USA),5,DDSSD
0000612385,アルスブランカ,0000334262,Forli(ARG),4,DDSD
0000612385,アルスブランカ,0000389693,Thong(USA),5,DDSDS
0000612385,アルスブランカ,0000334374,Nasrullah(GB),5,DDSDD
0000612385,アルスブランカ,0000385473,Spring Run(USA),3,DDD
0000612385,アルスブランカ,0000334072,Wild Risk(FR),4,DDDS
0000612385,アルスブランカ,0000386829,Aimee(GB),5,DDDSS
0000612385,アルスブランカ,0000334999,Graustark(USA),5,DDDSD
0000612385,アルスブランカ,0000389895,Aiming High(GB),4,DDDD
0000612385,アルスブランカ,0000333632,ダンサーズイメージ(USA),5,DDDDS
0000612385,アルスブランカ,0000393954,Nangela(CAN),5,DDDDD
0000330256,イケハヤブサ,0000339534,ロドリゴデトリアーノ(USA),1,S
0000330256,イケハヤブサ,0000336924,El Gran Senor(USA),2,SS
0000330256,イケハヤブサ,0000404593,Hot Princess(GB),3,SSS
0000330256,イケハヤブサ,0000334002,Northern Dancer(CAN),4,SSSS
0000330256,イケハヤブサ,0000390754,Sex Appeal(USA),5,SSSSS
0000330256,イケハヤブサ,0000333695,ホツトスパーク(IRE),5,SSSSD
0000330256,イケハヤブサ,0000404669,Aspara(USA),4,SSSD
0000330256,イケハヤブサ,0000334378,Nearctic(CAN),5,SSSDS
0000330256,イケハヤブサ,0000386225,Natalma(USA),5,SSSDD
0000330256,イケハヤブサ,0000334012,Buckpasser(USA),3,SSD
0000330256,イケハヤブサ,0000390753,Best in Show(USA),4,SSDS
0000330256,イケハヤブサ,0000334285,Habitat(USA),5,SSDSS
0000330256,イケハヤブサ,0000386667,Garvey Girl(IRE),5,SSDSD
0000330256,イケハヤブサ,0000333950,Crimson Satan(USA),4,SSDD
0000330256,イケハヤブサ,0000386677,Courtside(USA),5,SSDDS
0000330256,イケハヤブサ,0000334377,Nearco(ITY),5,SSDDD
0000330256,イケハヤブサ,0000387922,Lady Angela(GB),2,SD
0000330256,イケハヤブサ,0000334375,Native Dancer(USA),3,SDS
0000330256,イケハヤブサ,0000386852,Almahmoud(USA),4,SDSS
0000330256,イケハヤブサ,0000334545,Tom Fool(USA),5,SDSSS
0000330256,イケハヤブサ,0000389645,Busanda(USA),5,SDSSD
0000330256,イケハヤブサ,0000334552,Traffic Judge(USA),4,SDSD
0000330256,イケハヤブサ,0000390752,Stolen Hour(USA),5,SDSDS
0000330256,イケハヤブサ,0000335850,Sir Gaylord(USA),5,SDSDD
0000330256,イケハヤブサ,0000386241,Little Hut(USA),3,SDD
0000330256,イケハヤブサ,0000334436,Princely Gift(GB),4,SDDS
0000330256,イケハヤブサ,0000389582,Tekka(GB),5,SDDSS
0000330256,イケハヤブサ,0000334501,Spy Song(USA),5,SDDSD
0000330256,イケハヤブサ,0000388369,Papila(ARG),4,SDDD
0000330256,イケハヤブサ,0000334188,Court Martial(GB),5,SDDDS
0000330256,イケハヤブサ,0000389571,Omelet Souffle(USA),5,SDDDD
0000330256,イケハヤブサ,0000147873,ハヤルビー,1,D
0000330256,イケハヤブサ,0000333611,ヴアイスリーガル(CAN),2,DS
0000330256,イケハヤブサ,0000044568,クインサンキスト,3,DSS
0000330256,イケハヤブサ,0000334002,Northern Dancer(CAN),4,DSSS
0000330256,イケハヤブサ,0000389443,Victoria Regina(CAN),5,DSSSS
0000330256,イケハヤブサ,0000333243,ガーサント(FR),5,DSSSD
0000330256,イケハヤブサ,0000009600,第四サンキストの弐,4,DSSD
0000330256,イケハヤブサ,0000334378,Nearctic(CAN),5,DSSDS
0000330256,イケハヤブサ,0000386225,Natalma(USA),5,DSSDD
0000330256,イケハヤブサ,0000335781,Menetrier(FR),3,DSD
0000330256,イケハヤブサ,0000389051,Victoriana(USA),4,DSDS
0000330256,イケハヤブサ,0000334936,Bubbles(FR),5,DSDSS
0000330256,イケハヤブサ,0000388214,Montagnana(FR),5,DSDSD
0000330256,イケハヤブサ,0000333207,パールダイヴアー(FR),4,DSDD
0000330256,イケハヤブサ,0000004509,第四サンキスト,5,DSDDS
0000330256,イケハヤブサ,0000334377,Nearco(ITY),5,DSDDD
0000330256,イケハヤブサ,0000387922,Lady Angela(GB),2,DD
0000330256,イケハヤブサ,0000334375,Native Dancer(USA),3,DDS
0000330256,イケハヤブサ,0000386852,Almahmoud(USA),4,DDSS
0000330256,イケハヤブサ,0000334244,Fair Copy(GB),5,DDSSS
0000330256,イケハヤブサ,0000389293,La Melodie(GB),5,DDSSD
0000330256,イケハヤブサ,0000334978,Windfields(USA),4,DDSD
0000330256,イケハヤブサ,0000387835,Iribelle(USA),5,DDSDS
0000330256,イケハヤブサ,0000334937,La Farina(FR),5,DDSDD
0000330256,イケハヤブサ,0000388769,Spring Cleaning(FR),3,DDD
0000330256,イケハヤブサ,0000334988,Brantome(FR),4,DDDS
0000330256,イケハヤブサ,0000388122,Mauretania(GB),5,DDDSS
0000330256,イケハヤブサ,0000334901,Vatellor(FR),5,DDDSD
0000330256,イケハヤブサ,0000388390,Pearl Cap(FR),4,DDDD
0000330256,イケハヤブサ,0000333194,トサミドリ,5,DDDDS
0000330256,イケハヤブサ,0000000191,サンキスト,5,DDDDD
0000329719,イシノミューズ,0000362599,ラムタラ(USA),1,S
0000329719,イシノミューズ,0000333996,Nijinsky(CAN),2,SS
0000329719,イシノミューズ,0000410513,Snow Bride(USA),3,SSS
0000329719,イシノミューズ,0000334002,Northern Dancer(CAN),4,SSSS
0000329719,イシノミューズ,0000387574,Flaming Page(CAN),5,SSSSS
0000329719,イシノミューズ,0000335274,Blushing Groom(FR),5,SSSSD
0000329719,イシノミューズ,0000405297,Awaasif(CAN),4,SSSD
0000329719,イシノミューズ,0000334378,Nearctic(CAN),5,SSSDS
0000329719,イシノミューズ,0000386225,Natalma(USA),5,SSSDD
0000329719,イシノミューズ,0000335434,Bull Page(USA),3,SSD
0000329719,イシノミューズ,0000387578,Flaring Top(USA),4,SSDS
0000329719,イシノミューズ,0000334068,Red God(USA),5,SSDSS
0000329719,イシノミューズ,0000388608,Runaway Bride(GB),5,SSDSD
0000329719,イシノミューズ,0000335299,Snow Knight(GB),4,SSDD
0000329719,イシノミューズ,0000386743,Royal Statute(CAN),5,SSDDS
0000329719,イシノミューズ,0000334377,Nearco(ITY),5,SSDDD
0000329719,イシノミューズ,0000387922,Lady Angela(GB),2,SD
0000329719,イシノミューズ,0000334375,Native Dancer(USA),3,SDS
0000329719,イシノミューズ,0000386852,Almahmoud(USA),4,SDSS
0000329719,イシノミューズ,0000334943,Bull Lea(USA),5,SDSSS
0000329719,イシノミューズ,0000388352,Our Page(USA),5,SDSSD
0000329719,イシノミューズ,0000335008,Menow(USA),4,SDSD
0000329719,イシノミューズ,0000387576,Flaming Top(USA),5,SDSDS
0000329719,イシノミューズ,0000334374,Nasrullah(GB),5,SDSDD
0000329719,イシノミューズ,0000385473,Spring Run(USA),3,SDD
0000329719,イシノミューズ,0000334072,Wild Risk(FR),4,SDDS
0000329719,イシノミューズ,0000386829,Aimee(GB),5,SDDSS
0000329719,イシノミューズ,0000334020,Firestreak(GB),5,SDDSD
0000329719,イシノミューズ,0000403165,Snow Blossom(GB),4,SDDD
0000329719,イシノミューズ,0000334002,Northern Dancer(CAN),5,SDDDS
0000329719,イシノミューズ,0000386744,Queen's Statute(GB),5,SDDDD
0000329719,イシノミューズ,0000237056,インターアルテミス,1,D
0000329719,イシノミューズ,0000333740,タツプオンウツド(IRE),2,DS
0000329719,イシノミューズ,0000100251,ペギートウシヨウ,3,DSS
0000329719,イシノミューズ,0000335962,Sallust(GB),4,DSSS
0000329719,イシノミューズ,0000390210,Cat o'Mountaine(GB),5,DSSSS
0000329719,イシノミューズ,0000333451,クロケツト(GB),5,DSSSD
0000329719,イシノミューズ,0000052335,ソシアルトウシヨウ,4,DSSD
0000329719,イシノミューズ,0000334016,Pall Mall(IRE),5,DSSDS
0000329719,イシノミューズ,0000390211,Bandarilla(GB),5,DSSDD
0000329719,イシノミューズ,0000334056,Ragusa(GB),3,DSD
0000329719,イシノミューズ,0000389312,Marie Elizabeth(GB),4,DSDS
0000329719,イシノミューズ,0000334321,King of the Tudors(GB),5,DSDSS
0000329719,イシノミューズ,0000384581,Chandelier(GB),5,DSDSD
0000329719,イシノミューズ,0000333359,ヴエンチア(GB),4,DSDD
0000329719,イシノミューズ,0000378226,ソシアルバターフライ(USA),5,DSDDS
0000329719,イシノミューズ,0000334405,Palestine(GB),5,DSDDD
0000329719,イシノミューズ,0000388084,Malapert(GB),2,DD
0000329719,イシノミューズ,0000333313,マタドア(GB),3,DDS
0000329719,イシノミューズ,0000390212,Interval(GB),4,DDSS
0000329719,イシノミューズ,0000334457,Ribot(GB),5,DDSSS
0000329719,イシノミューズ,0000384756,Fantan(USA),5,DDSSD
0000329719,イシノミューズ,0000335338,Mazarin(GB),4,DDSD
0000329719,イシノミューズ,0000389943,Miss Honor(GB),5,DDSDS
0000329719,イシノミューズ,0000333989,Tudor Minstrel(GB),5,DDSDD
0000329719,イシノミューズ,0000387681,Glen Line(GB),3,DDD
0000329719,イシノミューズ,0000334278,Goyama(FR),4,DDDS
0000329719,イシノミューズ,0000385320,Queen of Light(GB),5,DDDSS
0000329719,イシノミューズ,0000347198,Relic(USA),5,DDDSD
0000329719,イシノミューズ,0000388583,Rose o'Lynn(IRE),4,DDDD
0000329719,イシノミューズ,0000334591,Your Host(USA),5,DDDDS
0000329719,イシノミューズ,0000385670,Wisteria(USA),5,DDDDD
0000738866,イブキレボルシオン,0000333862,サンデーサイレンス(USA),1,S
0000738866,イブキレボルシオン,0000335154,Halo(USA),2,SS
0000738866,イブキレボルシオン,0000393162,Wishing Well(USA),3,SSS
0000738866,イブキレボルシオン,0000334286,Hail to Reason(USA),4,SSSS
0000738866,イブキレボルシオン,0000387273,Cosmah(USA),5,SSSSS
0000738866,イブキレボルシオン,0000336892,Understanding(USA),5,SSSSD
0000738866,イブキレボルシオン,0000393161,Mountain Flower(USA),4,SSSD
0000738866,イブキレボルシオン,0000334560,Turn-to(IRE),5,SSSDS
0000738866,イブキレボルシオン,0000388312,Nothirdchance(USA),5,SSSDD
0000738866,イブキレボルシオン,0000335457,Cosmic Bomb(USA),3,SSD
0000738866,イブキレボルシオン,0000386852,Almahmoud(USA),4,SSDS
0000738866,イブキレボルシオン,0000334029,Promised Land(USA),5,SSDSS
0000738866,イブキレボルシオン,0000385295,Pretty Ways(USA),5,SSDSD
0000738866,イブキレボルシオン,0000336896,Montparnasse(ARG),4,SSDD
0000738866,イブキレボルシオン,0000393160,Edelweiss(USA),5,SSDDS
0000738866,イブキレボルシオン,0000334857,Royal Charger(GB),5,SSDDD
0000738866,イブキレボルシオン,0000388755,Source Sucree(FR),2,SD
0000738866,イブキレボルシオン,0000335418,Blue Swords(USA),3,SDS
0000738866,イブキレボルシオン,0000387644,Galla Colors(USA),4,SDSS
0000738866,イブキレボルシオン,0000335009,Pharamond(GB),5,SDSSS
0000738866,イブキレボルシオン,0000386953,Banish Fear(USA),5,SDSSD
0000738866,イブキレボルシオン,0000334823,Mahmoud(FR),4,SDSD
0000738866,イブキレボルシオン,0000389152,Arbitrator(USA),5,SDSDS
0000738866,イブキレボルシオン,0000335790,Palestinian(USA),5,SDSDD
0000738866,イブキレボルシオン,0000388070,Mahmoudess(USA),3,SDD
0000738866,イブキレボルシオン,0000334508,Stymie(USA),4,SDDS
0000738866,イブキレボルシオン,0000388472,Pretty Jo(USA),5,SDDSS
0000738866,イブキレボルシオン,0000334284,Gulf Stream(GB),5,SDDSD
0000738866,イブキレボルシオン,0000393157,Mignon(ARG),4,SDDD
0000738866,イブキレボルシオン,0000334297,Hillary(USA),5,SDDDS
0000738866,イブキレボルシオン,0000393159,Dowager(USA),5,SDDDD
0000738866,イブキレボルシオン,0000256516,イブキニュースター,1,D
0000738866,イブキレボルシオン,0000333996,Nijinsky(CAN),2,DS
0000738866,イブキレボルシオン,0000383514,リーガルエンドーバー(USA),3,DSS
0000738866,イブキレボルシオン,0000334002,Northern Dancer(CAN),4,DSSS
0000738866,イブキレボルシオン,0000387574,Flaming Page(CAN),5,DSSSS
0000738866,イブキレボルシオン,0000335167,Roberto(USA),5,DSSSD
0000738866,イブキレボルシオン,0000386753,Rajput Princess(FR),4,DSSD
0000738866,イブキレボルシオン,0000334378,Nearctic(CAN),5,DSSDS
0000738866,イブキレボルシオン,0000386225,Natalma(USA),5,DSSDD
0000738866,イブキレボルシオン,0000335434,Bull Page(USA),3,DSD
0000738866,イブキレボルシオン,0000387578,Flaring Top(USA),4,DSDS
0000738866,イブキレボルシオン,0000334286,Hail to Reason(USA),5,DSDSS
0000738866,イブキレボルシオン,0000389183,Bramalea(USA),5,DSDSD
0000738866,イブキレボルシオン,0000334028,Prince Taj(FR),4,DSDD
0000738866,イブキレボルシオン,0000386751,Royal Arrival(GB),5,DSDDS
0000738866,イブキレボルシオン,0000334377,Nearco(ITY),5,DSDDD
0000738866,イブキレボルシオン,0000387922,Lady Angela(GB),2,DD
0000738866,イブキレボルシオン,0000334375,Native Dancer(USA),3,DDS
0000738866,イブキレボルシオン,0000386852,Almahmoud(USA),4,DDSS
0000738866,イブキレボルシオン,0000334943,Bull Lea(USA),5,DDSSS
0000738866,イブキレボルシオン,0000388352,Our Page(USA),5,DDSSD
0000738866,イブキレボルシオン,0000335008,Menow(USA),4,DDSD
0000738866,イブキレボルシオン,0000387576,Flaming Top(USA),5,DDSDS
0000738866,イブキレボルシオン,0000334560,Turn-to(IRE),5,DDSDD
0000738866,イブキレボルシオン,0000388312,Nothirdchance(USA),3,DDD
0000738866,イブキレボルシオン,0000334373,Nashua(USA),4,DDDS
0000738866,イブキレボルシオン,0000389382,Rarelea(USA),5,DDDSS
0000738866,イブキレボルシオン,0000335650,Prince Bio(FR),5,DDDSD
0000738866,イブキレボルシオン,0000388087,Malindi(GB),4,DDDD
0000738866,イブキレボルシオン,0000338897,Vieux Manoir(FR),5,DDDDS
0000738866,イブキレボルシオン,0000394665,Bellatrix(FR),5,DDDDD
0000732984,イヤダイヤダ,0000283958,サニーブライアン,1,S
0000732984,イヤダイヤダ,0000333844,ブライアンズタイム(USA),2,SS
0000732984,イヤダイヤダ,0000208841,サニースイフト,3,SSS
0000732984,イヤダイヤダ,0000335167,Roberto(USA),4,SSSS
0000732984,イヤダイヤダ,0000391984,Kelley's Day(USA),5,SSSSS
0000732984,イヤダイヤダ,0000333677,スイフトスワロー(USA),5,SSSSD
0000732984,イヤダイヤダ,0000070180,サニーロマン,4,SSSD
0000732984,イヤダイヤダ,0000334286,Hail to Reason(USA),5,SSSDS
0000732984,イヤダイヤダ,0000389183,Bramalea(USA),5,SSSDD
0000732984,イヤダイヤダ,0000334999,Graustark(USA),3,SSD
0000732984,イヤダイヤダ,0000389258,Golden Trail(USA),4,SSDS
0000732984,イヤダイヤダ,0000334002,Northern Dancer(CAN),5,SSDSS
0000732984,イヤダイヤダ,0000386653,Homeward Bound(GB),5,SSDSD
0000732984,イヤダイヤダ,0000333374,フアバージ(FR),4,SSDD
0000732984,イヤダイヤダ,0000005799,フアイナルクイン,5,SSDDS
0000732984,イヤダイヤダ,0000334560,Turn-to(IRE),5,SSDDD
0000732984,イヤダイヤダ,0000388312,Nothirdchance(USA),2,SD
0000732984,イヤダイヤダ,0000334373,Nashua(USA),3,SDS
0000732984,イヤダイヤダ,0000389382,Rarelea(USA),4,SDSS
0000732984,イヤダイヤダ,0000334457,Ribot(GB),5,SDSSS
0000732984,イヤダイヤダ,0000387590,Flower Bowl(USA),5,SDSSD
0000732984,イヤダイヤダ,0000334030,Hasty Road(USA),4,SDSD
0000732984,イヤダイヤダ,0000389428,Sunny Vale(USA),5,SDSDS
0000732984,イヤダイヤダ,0000334378,Nearctic(CAN),5,SDSDD
0000732984,イヤダイヤダ,0000386225,Natalma(USA),3,SDD
0000732984,イヤダイヤダ,0000334092,Alycidon(GB),4,SDDS
0000732984,イヤダイヤダ,0000389391,Sabie River(GB),5,SDDSS
0000732984,イヤダイヤダ,0000334436,Princely Gift(GB),5,SDDSD
0000732984,イヤダイヤダ,0000386738,Spring Offensive(GB),4,SDDD
0000732984,イヤダイヤダ,0000001319,フアイナルスコア(NZ),5,SDDDS
0000732984,イヤダイヤダ,0000000557,ツキカワ,5,SDDDD
0000732984,イヤダイヤダ,0000326105,モットヒカリヲ,1,D
0000732984,イヤダイヤダ,0000337421,アフリート(CAN),2,DS
0000732984,イヤダイヤダ,0000275654,メロンパン(USA),3,DSS
0000732984,イヤダイヤダ,0000335975,Mr. Prospector(USA),4,DSSS
0000732984,イヤダイヤダ,0000394661,Polite Lady(USA),5,DSSSS
0000732984,イヤダイヤダ,0000337450,Theatrical(IRE),5,DSSSD
0000732984,イヤダイヤダ,0000411158,Border Dawn(IRE),4,DSSD
0000732984,イヤダイヤダ,0000334066,Raise a Native(USA),5,DSSDS
0000732984,イヤダイヤダ,0000389632,Gold Digger(USA),5,DSSDD
0000732984,イヤダイヤダ,0000337420,Venetian Jester(USA),3,DSD
0000732984,イヤダイヤダ,0000394660,Friendly Ways(USA),4,DSDS
0000732984,イヤダイヤダ,0000336085,Nureyev(USA),5,DSDSS
0000732984,イヤダイヤダ,0000383754,ツリーオブノレッジ(IRE),5,DSDSD
0000732984,イヤダイヤダ,0000333626,ピツトカーン(IRE),4,DSDD
0000732984,イヤダイヤダ,0000411157,My Fawn(FR),5,DSDDS
0000732984,イヤダイヤダ,0000334375,Native Dancer(USA),5,DSDDD
0000732984,イヤダイヤダ,0000388521,Raise You(USA),2,DD
0000732984,イヤダイヤダ,0000334373,Nashua(USA),3,DDS
0000732984,イヤダイヤダ,0000389398,Sequence(USA),4,DDSS
0000732984,イヤダイヤダ,0000334545,Tom Fool(USA),5,DDSSS
0000732984,イヤダイヤダ,0000394478,Venice(USA),5,DDSSD
0000732984,イヤダイヤダ,0000336341,Green Ticket(USA),4,DDSD
0000732984,イヤダイヤダ,0000394659,Ways to Learn(USA),5,DDSDS
0000732984,イヤダイヤダ,0000334002,Northern Dancer(CAN),5,DDSDD
0000732984,イヤダイヤダ,0000390581,Special(USA),3,DDD
0000732984,イヤダイヤダ,0000333959,Sassafras(FR),4,DDDS
0000732984,イヤダイヤダ,0000390860,Sensibility(USA),5,DDDSS
0000732984,イヤダイヤダ,0000334415,Petingo(GB),5,DDDSD
0000732984,イヤダイヤダ,0000386654,Border Bounty(GB),4,DDDD
0000732984,イヤダイヤダ,0000334302,Hugh Lupus(FR),5,DDDDS
0000732984,イヤダイヤダ,0000385223,Our Girl(GB),5,DDDDD
0000736633,ウインクルセイド,0000294840,キングヘイロー,1,S
0000736633,ウインクルセイド,0000336853,ダンシングブレーヴ(USA),2,SS
0000736633,ウインクルセイド,0000383287,グッバイヘイロー(USA),3,SSS
0000736633,ウインクルセイド,0000334968,Lyphard(USA),4,SSSS
0000736633,ウインクルセイド,0000390533,Navajo Princess(USA),5,SSSSS
0000736633,ウインクルセイド,0000335154,Halo(USA),5,SSSSD
0000736633,ウインクルセイド,0000391985,Pound Foolish(USA),4,SSSD
0000736633,ウインクルセイド,0000334002,Northern Dancer(CAN),5,SSSDS
0000736633,ウインクルセイド,0000389259,Goofed(USA),5,SSSDD
0000736633,ウインクルセイド,0000336070,Drone(USA),3,SSD
0000736633,ウインクルセイド,0000390532,Olmec(USA),4,SSDS
0000736633,ウインクルセイド,0000334286,Hail to Reason(USA),5,SSDSS
0000736633,ウインクルセイド,0000387273,Cosmah(USA),5,SSDSD
0000736633,ウインクルセイド,0000333957,Sir Ivor(USA),4,SSDD
0000736633,ウインクルセイド,0000389708,Squander(USA),5,SSDDS
0000736633,ウインクルセイド,0000334378,Nearctic(CAN),5,SSDDD
0000736633,ウインクルセイド,0000386225,Natalma(USA),2,SD
0000736633,ウインクルセイド,0000334188,Court Martial(GB),3,SDS
0000736633,ウインクルセイド,0000389161,Barra(FR),4,SDSS
0000736633,ウインクルセイド,0000335850,Sir Gaylord(USA),5,SDSSS
0000736633,ウインクルセイド,0000390528,Cap and Bells(USA),5,SDSSD
0000736633,ウインクルセイド,0000334404,Pago Pago(AUS),4,SDSD
0000736633,ウインクルセイド,0000390531,Chocolate Beau(USA),5,SDSDS
0000736633,ウインクルセイド,0000334560,Turn-to(IRE),5,SDSDD
0000736633,ウインクルセイド,0000388312,Nothirdchance(USA),3,SDD
0000736633,ウインクルセイド,0000335457,Cosmic Bomb(USA),4,SDDS
0000736633,ウインクルセイド,0000386852,Almahmoud(USA),5,SDDSS
0000736633,ウインクルセイド,0000335850,Sir Gaylord(USA),5,SDDSD
0000736633,ウインクルセイド,0000386736,Attica(USA),4,SDDD
0000736633,ウインクルセイド,0000334012,Buckpasser(USA),5,SDDDS
0000736633,ウインクルセイド,0000389709,Discipline(USA),5,SDDDD
0000736633,ウインクルセイド,0000231283,ロイヤルクロス,1,D
0000736633,ウインクルセイド,0000333792,スリルシヨー(USA),2,DS
0000736633,ウインクルセイド,0000091780,スタームーン,3,DSS
0000736633,ウインクルセイド,0000335989,Northern Baby(CAN),4,DSSS
0000736633,ウインクルセイド,0000391457,Splendid Girl(USA),5,DSSSS
0000736633,ウインクルセイド,0000333422,シヤトーゲイ(USA),5,DSSSD
0000736633,ウインクルセイド,0000013661,ブラツクバトー,4,DSSD
0000736633,ウインクルセイド,0000334002,Northern Dancer(CAN),5,DSSDS
0000736633,ウインクルセイド,0000390297,Two Rings(USA),5,DSSDD
0000736633,ウインクルセイド,0000336366,Golden Eagle(FR),3,DSD
0000736633,ウインクルセイド,0000391456,Coccinea(USA),4,DSDS
0000736633,ウインクルセイド,0000333977,Swaps(USA),5,DSDSS
0000736633,ウインクルセイド,0000386955,Banquet Bell(USA),5,DSDSD
0000736633,ウインクルセイド,0000333190,ヒンドスタン(GB),4,DSDD
0000736633,ウインクルセイド,0000006847,チエス,5,DSDDS
0000736633,ウインクルセイド,0000334378,Nearctic(CAN),5,DSDDD
0000736633,ウインクルセイド,0000386225,Natalma(USA),2,DD
0000736633,ウインクルセイド,0000345057,Round Table(USA),3,DDS
0000736633,ウインクルセイド,0000384319,Allofthem(USA),4,DDSS
0000736633,ウインクルセイド,0000334055,Right Royal(FR),5,DDSSS
0000736633,ウインクルセイド,0000391455,Aquilla(USA),5,DDSSD
0000736633,ウインクルセイド,0000334314,Jaipur(USA),4,DDSD
0000736633,ウインクルセイド,0000391395,Scarlet Ribbon(USA),5,DDSDS
0000736633,ウインクルセイド,0000334319,Khaled(GB),5,DDSDD
0000736633,ウインクルセイド,0000386181,Iron Reward(USA),3,DDD
0000736633,ウインクルセイド,0000334853,Polynesian(USA),4,DDDS
0000736633,ウインクルセイド,0000387363,Dinner Horn(USA),5,DDDSS
0000736633,ウインクルセイド,0000334138,Bois Roussel(FR),5,DDDSD
0000736633,ウインクルセイド,0000388749,Sonibai(GB),4,DDDD
0000736633,ウインクルセイド,0000333207,パールダイヴアー(FR),5,DDDDS
0000736633,ウインクルセイド,0000002035,ハクレイ,5,DDDDD
0000318033,ウインブレイズ,0000201489,メジロライアン,1,S
0000318033,ウインブレイズ,0000098122,アンバーシヤダイ,2,SS
0000318033,ウインブレイズ,0000097964,メジロチエイサー,3,SSS
0000318033,ウインブレイズ,0000333544,ノーザンテースト(CAN),4,SSSS
0000318033,ウインブレイズ,0000380822,クリアアンバー(USA),5,SSSSS
0000318033,ウインブレイズ,0000011156,メジロサンマン,5,SSSSD
0000318033,ウインブレイズ,0000381553,シエリル(FR),4,SSSD
0000318033,ウインブレイズ,0000334002,Northern Dancer(CAN),5,SSSDS
0000318033,ウインブレイズ,0000386266,Lady Victoria(CAN),5,SSSDD
0000318033,ウインブレイズ,0000334094,Ambiopoise(USA),3,SSD
0000318033,ウインブレイズ,0000385213,One Clear Call(USA),4,SSDS
0000318033,ウインブレイズ,0000333967,Charlottesville(GB),5,SSDSS
0000318033,ウインブレイズ,0000377490,パラデイシア(GB),5,SSDSD
0000318033,ウインブレイズ,0000333456,スノツブ(FR),4,SSDD
0000318033,ウインブレイズ,0000384582,Chanel(FR),5,SSDDS
0000318033,ウインブレイズ,0000334378,Nearctic(CAN),5,SSDDD
0000318033,ウインブレイズ,0000386225,Natalma(USA),2,SD
0000318033,ウインブレイズ,0000335344,Victoria Park(CAN),3,SDS
0000318033,ウインブレイズ,0000387922,Lady Angela(GB),4,SDSS
0000318033,ウインブレイズ,0000338908,Ambiorix(FR),5,SDSSS
0000318033,ウインブレイズ,0000387116,Bull Poise(USA),5,SDSSD
0000318033,ウインブレイズ,0000333945,Gallant Man(GB),4,SDSD
0000318033,ウインブレイズ,0000387472,Europa(USA),5,SDSDS
0000318033,ウインブレイズ,0000334433,Prince Chevalier(FR),5,SDSDD
0000318033,ウインブレイズ,0000388304,Noorani(GB),3,SDD
0000318033,ウインブレイズ,0000333932,Aureole(GB),4,SDDS
0000318033,ウインブレイズ,0000384589,Chenille(GB),5,SDDSS
0000318033,ウインブレイズ,0000334632,Mourne(FR),5,SDDSD
0000318033,ウインブレイズ,0000388666,Senones(FR),4,SDDD
0000318033,ウインブレイズ,0000334602,Pan(FR),5,SDDDS
0000318033,ウインブレイズ,0000386965,Barley Corn(GB),5,SDDDD
0000318033,ウインブレイズ,0000187380,スーパーセブン,1,D
0000318033,ウインブレイズ,0000097532,ブラビオー,2,DS
0000318033,ウインブレイズ,0000144449,フジノムーリン,3,DSS
0000318033,ウインブレイズ,0000333475,カウアイキング(USA),4,DSSS
0000318033,ウインブレイズ,0000051595,カツラアサヒ,5,DSSSS
0000318033,ウインブレイズ,0000333548,ムーリン(FR),5,DSSSD
0000318033,ウインブレイズ,0000045515,タイガーフジ,4,DSSD
0000318033,ウインブレイズ,0000334375,Native Dancer(USA),5,DSSDS
0000318033,ウインブレイズ,0000388837,Sweep In(USA),5,DSSDD
0000318033,ウインブレイズ,0000333298,レベルコ(GB),3,DSD
0000318033,ウインブレイズ,0000378480,ペルメル(IRE),4,DSDS
0000318033,ウインブレイズ,0000333934,Kashmir(GB),5,DSDSS
0000318033,ウインブレイズ,0000387692,Golden Glory(GB),5,DSDSD
0000318033,ウインブレイズ,0000333213,ソロナウエー(IRE),4,DSDD
0000318033,ウインブレイズ,0000005788,カツラフジ,5,DSDDS
0000318033,ウインブレイズ,0000334853,Polynesian(USA),5,DSDDD
0000318033,ウインブレイズ,0000387667,Geisha(USA),2,DD
0000318033,ウインブレイズ,0000334824,Blenheim(GB),3,DDS
0000318033,ウインブレイズ,0000388835,Sweepesta(USA),4,DDSS
0000318033,ウインブレイズ,0000333983,Tanerko(FR),5,DDSSS
0000318033,ウインブレイズ,0000388545,Relance(FR),5,DDSSD
0000318033,ウインブレイズ,0000334016,Pall Mall(IRE),4,DDSD
0000318033,ウインブレイズ,0000385194,Novice(GB),5,DDSDS
0000318033,ウインブレイズ,0000333990,Tudor Melody(GB),5,DDSDD
0000318033,ウインブレイズ,0000388505,Queen of Speed(GB),3,DDD
0000318033,ウインブレイズ,0000334000,Never Say Die(USA),4,DDDS
0000318033,ウインブレイズ,0000387701,Golden Twilight(GB),5,DDDSS
0000318033,ウインブレイズ,0000650000,Solferino(GB),5,DDDSD
0000318033,ウインブレイズ,0000386889,Anyway(GB),4,DDDD
0000318033,ウインブレイズ,0000333121,ゲイタイム(GB),5,DDDDS
0000318033,ウインブレイズ,0000002011,マシフジ,5,DDDDD
0000738970,ウォーターダッシュ,0000333846,キンググローリアス(USA),1,S
0000738970,ウォーターダッシュ,0000336724,Naevus(USA),2,SS
0000738970,ウォーターダッシュ,0000393522,Glorious Natalie(USA),3,SSS
0000738970,ウォーターダッシュ,0000335975,Mr. Prospector(USA),4,SSSS
0000738970,ウォーターダッシュ,0000392707,Mudville(USA),5,SSSSS
0000738970,ウォーターダッシュ,0000336077,Reflected Glory(USA),5,SSSSD
0000738970,ウォーターダッシュ,0000393521,Blue Eyed Blonde(USA),4,SSSD
0000738970,ウォーターダッシュ,0000334066,Raise a Native(USA),5,SSSDS
0000738970,ウォーターダッシュ,0000389632,Gold Digger(USA),5,SSSDD
0000738970,ウォーターダッシュ,0000333596,ボールドラツド(USA),3,SSD
0000738970,ウォーターダッシュ,0000386972,Batter Up(USA),4,SSDS
0000738970,ウォーターダッシュ,0000333973,Jester(USA),5,SSDSS
0000738970,ウォーターダッシュ,0000390556,Lysistrata(USA),5,SSDSD
0000738970,ウォーターダッシュ,0000334532,The Pie King(GB),4,SSDD
0000738970,ウォーターダッシュ,0000393520,Blue-Eyed Barbie(USA),5,SSDDS
0000738970,ウォーターダッシュ,0000334375,Native Dancer(USA),5,SSDDD
0000738970,ウォーターダッシュ,0000388521,Raise You(USA),2,SD
0000738970,ウォーターダッシュ,0000334373,Nashua(USA),3,SDS
0000738970,ウォーターダッシュ,0000389398,Sequence(USA),4,SDSS
0000738970,ウォーターダッシュ,0000334140,Bold Ruler(USA),5,SDSSS
0000738970,ウォーターダッシュ,0000388197,Misty Morn(USA),5,SDSSD
0000738970,ウォーターダッシュ,0000334545,Tom Fool(USA),4,SDSD
0000738970,ウォーターダッシュ,0000388803,Striking(USA),5,SDSDS
0000738970,ウォーターダッシュ,0000334545,Tom Fool(USA),5,SDSDD
0000738970,ウォーターダッシュ,0000387689,Golden Apple(USA),3,SDD
0000738970,ウォーターダッシュ,0000335790,Palestinian(USA),4,SDDS
0000738970,ウォーターダッシュ,0000387853,Jaconda(USA),5,SDDSS
0000738970,ウォーターダッシュ,0000335108,The Solicitor(GB),5,SDDSD
0000738970,ウォーターダッシュ,0000389093,Whirling Dun(GB),4,SDDD
0000738970,ウォーターダッシュ,0000337069,Turk's Delight(USA),5,SDDDS
0000738970,ウォーターダッシュ,0000393519,Smart Barbara(USA),5,SDDDD
0000738970,ウォーターダッシュ,0000229214,オンワードロリエ,1,D
0000738970,ウォーターダッシュ,0000130523,ミスターシービー,2,DS
0000738970,ウォーターダッシュ,0000071059,メルオンワード,3,DSS
0000738970,ウォーターダッシュ,0000061253,トウシヨウボーイ,4,DSSS
0000738970,ウォーターダッシュ,0000063105,シービークイン,5,DSSSS
0000738970,ウォーターダッシュ,0000333413,プロント(FR),5,DSSSD
0000738970,ウォーターダッシュ,0000012452,オンワードフリー,4,DSSD
0000738970,ウォーターダッシュ,0000333299,テスコボーイ(GB),5,DSSDS
0000738970,ウォーターダッシュ,0000378226,ソシアルバターフライ(USA),5,DSSDD
0000738970,ウォーターダッシュ,0000333321,トピオ(FR),3,DSD
0000738970,ウォーターダッシュ,0000014775,メイドウ,4,DSDS
0000738970,ウォーターダッシュ,0000334028,Prince Taj(FR),5,DSDSS
0000738970,ウォーターダッシュ,0000387914,La Caravelle(FR),5,DSDSD
0000738970,ウォーターダッシュ,0000333241,アポツスル(GB),4,DSDD
0000738970,ウォーターダッシュ,0000003226,ミスオンワード,5,DSDDS
0000738970,ウォーターダッシュ,0000334436,Princely Gift(GB),5,DSDDD
0000738970,ウォーターダッシュ,0000386258,Suncourt(GB),2,DD
0000738970,ウォーターダッシュ,0000334591,Your Host(USA),3,DDS
0000738970,ウォーターダッシュ,0000385670,Wisteria(USA),4,DDSS
0000738970,ウォーターダッシュ,0000334254,Fine Top(FR),5,DDSSS
0000738970,ウォーターダッシュ,0000389925,Deliriosa(FR),5,DDSSD
0000738970,ウォーターダッシュ,0000333202,アドミラルバード(GB),4,DDSD
0000738970,ウォーターダッシュ,0000006013,メイワ,5,DDSDS
0000738970,ウォーターダッシュ,0000335650,Prince Bio(FR),5,DDSDD
0000738970,ウォーターダッシュ,0000388087,Malindi(GB),3,DDD
0000738970,ウォーターダッシュ,0000334071,Worden(FR),4,DDDS
0000738970,ウォーターダッシュ,0000386967,Barquerolle(FR),5,DDDSS
0000738970,ウォーターダッシュ,0000347464,Blue Peter(GB),5,DDDSD
0000738970,ウォーターダッシュ,0000389794,Bellani(GB),4,DDDD
0000738970,ウォーターダッシュ,0000334005,Hard Sauce(GB),5,DDDDS
0000738970,ウォーターダッシュ,0000376834,ホールドタイト(GB),5,DDDDD
0000634849,エイシンチャンプ,0000347531,ミシエロ(USA),1,S
0000634849,エイシンチャンプ,0000336424,Conquistador Cielo(USA),2,SS
0000634849,エイシンチャンプ,0000414974,My Inheritance(USA),3,SSS
0000634849,エイシンチャンプ,0000335975,Mr. Prospector(USA),4,SSSS
0000634849,エイシンチャンプ,0000391690,K D Princess(USA),5,SSSSS
0000634849,エイシンチャンプ,0000335376,Thatch(USA),5,SSSSD
0000634849,エイシンチャンプ,0000414973,Edies Double(USA),4,SSSD
0000634849,エイシンチャンプ,0000334066,Raise a Native(USA),5,SSSDS
0000634849,エイシンチャンプ,0000389632,Gold Digger(USA),5,SSSDD
0000634849,エイシンチャンプ,0000335005,Bold Commander(USA),3,SSD
0000634849,エイシンチャンプ,0000381582,タミーズターン(USA),4,SSDS
0000634849,エイシンチャンプ,0000334262,Forli(ARG),5,SSDSS
0000634849,エイシンチャンプ,0000389693,Thong(USA),5,SSDSD
0000634849,エイシンチャンプ,0000335346,Nodouble(USA),4,SSDD
0000634849,エイシンチャンプ,0000414972,Edie Jo(USA),5,SSDDS
0000634849,エイシンチャンプ,0000334375,Native Dancer(USA),5,SSDDD
0000634849,エイシンチャンプ,0000388521,Raise You(USA),2,SD
0000634849,エイシンチャンプ,0000334373,Nashua(USA),3,SDS
0000634849,エイシンチャンプ,0000389398,Sequence(USA),4,SDSS
0000634849,エイシンチャンプ,0000334140,Bold Ruler(USA),5,SDSSS
0000634849,エイシンチャンプ,0000387776,High Voltage(USA),5,SDSSD
0000634849,エイシンチャンプ,0000334560,Turn-to(IRE),4,SDSD
0000634849,エイシンチャンプ,0000385540,Tammy Twist(USA),5,SDSDS
0000634849,エイシンチャンプ,0000335074,Aristophanes(GB),5,SDSDD
0000634849,エイシンチャンプ,0000388954,Trevisa(ARG),3,SDD
0000634849,エイシンチャンプ,0000335036,Nantallah(USA),4,SDDS
0000634849,エイシンチャンプ,0000388588,Rough Shod(GB),5,SDDSS
0000634849,エイシンチャンプ,0000334389,Noholme(AUS),5,SDDSD
0000634849,エイシンチャンプ,0000386140,Abla-Jay(USA),4,SDDD
0000634849,エイシンチャンプ,0000334610,Helioscope(USA),5,SDDDS
0000634849,エイシンチャンプ,0000384478,Behavior(USA),5,SDDDD
0000634849,エイシンチャンプ,0000225867,エイシンミシガン(USA),1,D
0000634849,エイシンチャンプ,0000337274,Manila(USA),2,DS
0000634849,エイシンチャンプ,0000391350,Homespun(USA),3,DSS
0000634849,エイシンチャンプ,0000334968,Lyphard(USA),4,DSSS
0000634849,エイシンチャンプ,0000390843,Dona Ysidra(USA),5,DSSSS
0000634849,エイシンチャンプ,0000345057,Round Table(USA),5,DSSSD
0000634849,エイシンチャンプ,0000384806,Gal I Love(USA),4,DSSD
0000634849,エイシンチャンプ,0000334002,Northern Dancer(CAN),5,DSSDS
0000634849,エイシンチャンプ,0000389259,Goofed(USA),5,DSSDD
0000634849,エイシンチャンプ,0000334064,Le Fabuleux(FR),3,DSD
0000634849,エイシンチャンプ,0000386644,Matriarch(USA),4,DSDS
0000634849,エイシンチャンプ,0000339120,Princequillo(IRE),5,DSDSS
0000634849,エイシンチャンプ,0000401513,Knights Daughter(GB),5,DSDSD
0000634849,エイシンチャンプ,0000334374,Nasrullah(GB),4,DSDD
0000634849,エイシンチャンプ,0000387643,Gallita(USA),5,DSDDS
0000634849,エイシンチャンプ,0000334378,Nearctic(CAN),5,DSDDD
0000634849,エイシンチャンプ,0000386225,Natalma(USA),2,DD
0000634849,エイシンチャンプ,0000334188,Court Martial(GB),3,DDS
0000634849,エイシンチャンプ,0000389161,Barra(FR),4,DDSS
0000634849,エイシンチャンプ,0000334072,Wild Risk(FR),5,DDSSS
0000634849,エイシンチャンプ,0000384419,Anguar(FR),5,DDSSD
0000634849,エイシンチャンプ,0000334140,Bold Ruler(USA),4,DDSD
0000634849,エイシンチャンプ,0000389306,Lyceum(USA),5,DDSDS
0000634849,エイシンチャンプ,0000334885,Prince Rose(GB),5,DDSDD
0000634849,エイシンチャンプ,0000387276,Cosquilla(GB),3,DDD
0000634849,エイシンチャンプ,0000334879,Sir Cosmo(GB),4,DDDS
0000634849,エイシンチャンプ,0000387539,Feola(GB),5,DDDSS
0000634849,エイシンチャンプ,0000334377,Nearco(ITY),5,DDDSD
0000634849,エイシンチャンプ,0000388233,Mumtaz Begum(FR),4,DDDD
0000634849,エイシンチャンプ,0000335143,Challenger(GB),5,DDDDS
0000634849,エイシンチャンプ,0000387645,Gallette(USA),5,DDDDD
0000082050,エルカミーノ,0000333433,ライオンハーテツド(GB),1,S
0000082050,エルカミーノ,0000334000,Never Say Die(USA),2,SS
0000082050,エルカミーノ,0000385573,Thunder(GB),3,SSS
0000082050,エルカミーノ,0000334374,Nasrullah(GB),4,SSSS
0000082050,エルカミーノ,0000388715,Singing Grass(USA),5,SSSSS
0000082050,エルカミーノ,0000338878,Hyperion(GB),5,SSSSD
0000082050,エルカミーノ,0000384589,Chenille(GB),4,SSSD
0000082050,エルカミーノ,0000334377,Nearco(ITY),5,SSSDS
0000082050,エルカミーノ,0000388233,Mumtaz Begum(FR),5,SSSDD
0000082050,エルカミーノ,0000334576,War Admiral(USA),3,SSD
0000082050,エルカミーノ,0000387088,Boreale(FR),4,SSDS
0000082050,エルカミーノ,0000334816,Gainsborough(GB),5,SSDSS
0000082050,エルカミーノ,0000388664,Selene(GB),5,SSDSD
0000082050,エルカミーノ,0000335089,King Salmon(GB),4,SSDD
0000082050,エルカミーノ,0000388838,Sweet Aloe(GB),5,SSDDS
0000082050,エルカミーノ,0000334856,Pharos(GB),5,SSDDD
0000082050,エルカミーノ,0000388301,Nogara(ITY),2,SD
0000082050,エルカミーノ,0000334824,Blenheim(GB),3,SDS
0000082050,エルカミーノ,0000388234,Mumtaz Mahal(GB),4,SDSS
0000082050,エルカミーノ,0000334825,Man o' War(USA),5,SDSSS
0000082050,エルカミーノ,0000387113,Brushup(USA),5,SDSSD
0000082050,エルカミーノ,0000334882,Vatout(FR),4,SDSD
0000082050,エルカミーノ,0000390411,Galaday(USA),5,SDSDS
0000082050,エルカミーノ,0000334817,Bayardo(GB),5,SDSDD
0000082050,エルカミーノ,0000390091,Rosedrop(GB),3,SDD
0000082050,エルカミーノ,0000334884,Chaucer(GB),4,SDDS
0000082050,エルカミーノ,0000388671,Serenissima(GB),5,SDDSS
0000082050,エルカミーノ,0000338386,Salmon-Trout(GB),5,SDDSD
0000082050,エルカミーノ,0000388090,Malva(GB),4,SDDD
0000082050,エルカミーノ,0000334906,Cameronian(GB),5,SDDDS
0000082050,エルカミーノ,0000390381,Aloe(GB),5,SDDDD
0000082050,エルカミーノ,0000029680,ベルダード,1,D
0000082050,エルカミーノ,0000334071,Worden(FR),2,DS
0000082050,エルカミーノ,0000379156,ドルメリーナ(FR),3,DSS
0000082050,エルカミーノ,0000334072,Wild Risk(FR),4,DSSS
0000082050,エルカミーノ,0000388631,Sans Tares(GB),5,DSSSS
0000082050,エルカミーノ,0000334225,Edellic(FR),5,DSSSD
0000082050,エルカミーノ,0000384677,Domiziana(ITY),4,DSSD
0000082050,エルカミーノ,0000334959,Rialto(FR),5,DSSDS
0000082050,エルカミーノ,0000389103,Wild Violet(FR),5,DSSDD
0000082050,エルカミーノ,0000334489,Sind(GB),3,DSD
0000082050,エルカミーノ,0000388867,Tara(FR),4,DSDS
0000082050,エルカミーノ,0000347198,Relic(USA),5,DSDSS
0000082050,エルカミーノ,0000387430,Edelfrau(FR),5,DSDSD
0000082050,エルカミーノ,0000334384,Niccolo Dell'Arca(ITY),4,DSDD
0000082050,エルカミーノ,0000387412,Durera(GB),5,DSDDS
0000082050,エルカミーノ,0000334950,Rabelais(GB),5,DSDDD
0000082050,エルカミーノ,0000393239,La Grelee(FR),2,DD
0000082050,エルカミーノ,0000334784,Blandford(IRE),3,DDS
0000082050,エルカミーノ,0000390428,Wood Violet(FR),4,DDSS
0000082050,エルカミーノ,0000338902,Solario(GB),5,DDSSS
0000082050,エルカミーノ,0000388160,Mirawala(IRE),5,DDSSD
0000082050,エルカミーノ,0000334918,Teddy(FR),4,DDSD
0000082050,エルカミーノ,0000387856,Jean Gow(GB),5,DDSDS
0000082050,エルカミーノ,0000335088,War Relic(USA),5,DDSDD
0000082050,エルカミーノ,0000387101,Bridal Colors(USA),3,DDD
0000082050,エルカミーノ,0000334078,Admiral Drake(FR),4,DDDS
0000082050,エルカミーノ,0000390441,English Lady(FR),5,DDDSS
0000082050,エルカミーノ,0000335095,Coronach(GB),5,DDDSD
0000082050,エルカミーノ,0000388301,Nogara(ITY),4,DDDD
0000082050,エルカミーノ,0000334988,Brantome(FR),5,DDDDS
0000082050,エルカミーノ,0000390987,Dossa Dossi(ITY),5,DDDDD
0000738110,エレスサール,0000365262,パントレセレブル(USA),1,S
0000738110,エレスサール,0000336085,Nureyev(USA),2,SS
0000738110,エレスサール,0000407160,Peinture Bleue(USA),3,SSS
0000738110,エレスサール,0000334002,Northern Dancer(CAN),4,SSSS
0000738110,エレスサール,0000390581,Special(USA),5,SSSSS
0000738110,エレスサール,0000336305,Alydar(USA),5,SSSSD
0000738110,エレスサール,0000405405,Petroleuse(IRE),4,SSSD
0000738110,エレスサール,0000334378,Nearctic(CAN),5,SSSDS
0000738110,エレスサール,0000386225,Natalma(USA),5,SSSDD
0000738110,エレスサール,0000334262,Forli(ARG),3,SSD
0000738110,エレスサール,0000389693,Thong(USA),4,SSDS
0000738110,エレスサール,0000334066,Raise a Native(USA),5,SSDSS
0000738110,エレスサール,0000388847,Sweet Tooth(USA),5,SSDSD
0000738110,エレスサール,0000334285,Habitat(USA),4,SSDD
0000738110,エレスサール,0000405404,Plencia(FR),5,SSDDS
0000738110,エレスサール,0000334377,Nearco(ITY),5,SSDDD
0000738110,エレスサール,0000387922,Lady Angela(GB),2,SD
0000738110,エレスサール,0000334375,Native Dancer(USA),3,SDS
0000738110,エレスサール,0000386852,Almahmoud(USA),4,SDSS
0000738110,エレスサール,0000335074,Aristophanes(GB),5,SDSSS
0000738110,エレスサール,0000388954,Trevisa(ARG),5,SDSSD
0000738110,エレスサール,0000335036,Nantallah(USA),4,SDSD
0000738110,エレスサール,0000388588,Rough Shod(GB),5,SDSDS
0000738110,エレスサール,0000334375,Native Dancer(USA),5,SDSDD
0000738110,エレスサール,0000388521,Raise You(USA),3,SDD
0000738110,エレスサール,0000334398,On-and-On(USA),4,SDDS
0000738110,エレスサール,0000388441,Plum Cake(USA),5,SDDSS
0000738110,エレスサール,0000335850,Sir Gaylord(USA),5,SDDSD
0000738110,エレスサール,0000386241,Little Hut(USA),4,SDDD
0000738110,エレスサール,0000334331,Le Haar(FR),5,SDDDS
0000738110,エレスサール,0000392869,Petite Saguenay(FR),5,SDDDD
0000738110,エレスサール,0000275693,ゴールデンカラーズ(USA),1,D
0000738110,エレスサール,0000335975,Mr. Prospector(USA),2,DS
0000738110,エレスサール,0000411357,Winning Colors(USA),3,DSS
0000738110,エレスサール,0000334066,Raise a Native(USA),4,DSSS
0000738110,エレスサール,0000389632,Gold Digger(USA),5,DSSSS
0000738110,エレスサール,0000334731,Caro(IRE),5,DSSSD
0000738110,エレスサール,0000391992,All Rainbows(USA),4,DSSD
0000738110,エレスサール,0000334375,Native Dancer(USA),5,DSSDS
0000738110,エレスサール,0000388521,Raise You(USA),5,DSSDD
0000738110,エレスサール,0000334373,Nashua(USA),3,DSD
0000738110,エレスサール,0000389398,Sequence(USA),4,DSDS
0000738110,エレスサール,0000333346,フオルテイノ(FR),5,DSDSS
0000738110,エレスサール,0000384579,Chambord(GB),5,DSDSD
0000738110,エレスサール,0000335273,Bold Hour(USA),4,DSDD
0000738110,エレスサール,0000391879,Miss Carmie(USA),5,DSDDS
0000738110,エレスサール,0000334853,Polynesian(USA),5,DSDDD
0000738110,エレスサール,0000387667,Geisha(USA),2,DD
0000738110,エレスサール,0000335441,Case Ace(USA),3,DDS
0000738110,エレスサール,0000387933,Lady Glory(USA),4,DDSS
0000738110,エレスサール,0000334374,Nasrullah(GB),5,DDSSS
0000738110,エレスサール,0000388662,Segula(USA),5,DDSSD
0000738110,エレスサール,0000335047,Count Fleet(USA),4,DDSD
0000738110,エレスサール,0000388170,Miss Dogwood(USA),5,DDSDS
0000738110,エレスサール,0000333952,Grey Sovereign(GB),5,DDSDD
0000738110,エレスサール,0000388524,Ranavalo(FR),3,DDD
0000738110,エレスサール,0000334160,Chamossaire(GB),4,DDDS
0000738110,エレスサール,0000388012,Life Hill(GB),5,DDDSS
0000738110,エレスサール,0000334140,Bold Ruler(USA),5,DDDSD
0000738110,エレスサール,0000385423,Seven Thirty(USA),4,DDDD
0000738110,エレスサール,0000335736,T.V. Lark(USA),5,DDDDS
0000738110,エレスサール,0000391878,Twice Over(USA),5,DDDDD
0000315658,エンゲルグレーセ,0000333807,プラウドデボネア(USA),1,S
0000315658,エンゲルグレーセ,0000334968,Lyphard(USA),2,SS
0000315658,エンゲルグレーセ,0000392030,Proud Delta(USA),3,SSS
0000315658,エンゲルグレーセ,0000334002,Northern Dancer(CAN),4,SSSS
0000315658,エンゲルグレーセ,0000389259,Goofed(USA),5,SSSSS
0000315658,エンゲルグレーセ,0000334204,Delta Judge(USA),5,SSSSD
0000315658,エンゲルグレーセ,0000392029,Loving Sister(USA),4,SSSD
0000315658,エンゲルグレーセ,0000334378,Nearctic(CAN),5,SSSDS
0000315658,エンゲルグレーセ,0000386225,Natalma(USA),5,SSSDD
0000315658,エンゲルグレーセ,0000334188,Court Martial(GB),3,SSD
0000315658,エンゲルグレーセ,0000389161,Barra(FR),4,SSDS
0000315658,エンゲルグレーセ,0000334552,Traffic Judge(USA),5,SSDSS
0000315658,エンゲルグレーセ,0000386981,Beautillion(USA),5,SSDSD
0000315658,エンゲルグレーセ,0000334397,Olympia(USA),4,SSDD
0000315658,エンゲルグレーセ,0000388289,Nimble Doll(USA),5,SSDDS
0000315658,エンゲルグレーセ,0000334377,Nearco(ITY),5,SSDDD
0000315658,エンゲルグレーセ,0000387922,Lady Angela(GB),2,SD
0000315658,エンゲルグレーセ,0000334375,Native Dancer(USA),3,SDS
0000315658,エンゲルグレーセ,0000386852,Almahmoud(USA),4,SDSS
0000315658,エンゲルグレーセ,0000334245,Fair Trial(GB),5,SDSSS
0000315658,エンゲルグレーセ,0000387832,Instantaneous(GB),5,SDSSD
0000315658,エンゲルグレーセ,0000336190,Formor(FR),4,SDSD
0000315658,エンゲルグレーセ,0000390996,La Favorite(FR),5,SDSDS
0000315658,エンゲルグレーセ,0000334904,Alibhai(GB),5,SDSDD
0000315658,エンゲルグレーセ,0000388950,Traffic Court(USA),3,SDD
0000315658,エンゲルグレーセ,0000335070,Noor(USA),4,SDDS
0000315658,エンゲルグレーセ,0000387342,Delta Queen(USA),5,SDDSS
0000315658,エンゲルグレーセ,0000334291,Heliopolis(GB),5,SDDSD
0000315658,エンゲルグレーセ,0000388171,Miss Dolphin(USA),4,SDDD
0000315658,エンゲルグレーセ,0000335050,Eight Thirty(USA),5,SDDDS
0000315658,エンゲルグレーセ,0000387138,Camelina(USA),5,SDDDD
0000315658,エンゲルグレーセ,0000230917,エンゲルリーゼン,1,D
0000315658,エンゲルグレーセ,0000127142,ウインザーノツト,2,DS
0000315658,エンゲルグレーセ,0000116514,リーゼングロス,3,DSS
0000315658,エンゲルグレーセ,0000333257,パーソロン(IRE),4,DSSS
0000315658,エンゲルグレーセ,0000382062,サンサン(USA),5,DSSSS
0000315658,エンゲルグレーセ,0000019148,アローエクスプレス,5,DSSSD
0000315658,エンゲルグレーセ,0000043534,タケノダンサー,4,DSSD
0000315658,エンゲルグレーセ,0000334048,Milesian(GB),5,DSSDS
0000315658,エンゲルグレーセ,0000389829,Paleo(FR),5,DSSDD
0000315658,エンゲルグレーセ,0000334036,Bald Eagle(USA),3,DSD
0000315658,エンゲルグレーセ,0000385387,Sail Navy(USA),4,DSDS
0000315658,エンゲルグレーセ,0000333283,スパニツシユイクスプレス(GB),5,DSDSS
0000315658,エンゲルグレーセ,0000376979,ソーダストリーム(FR),5,DSDSD
0000315658,エンゲルグレーセ,0000333224,チヤイナロツク(GB),4,DSDD
0000315658,エンゲルグレーセ,0000379102,ラダンスーズ(GB),5,DSDDS
0000315658,エンゲルグレーセ,0000334371,My Babu(FR),5,DSDDD
0000315658,エンゲルグレーセ,0000385200,Oatflake(GB),2,DD
0000315658,エンゲルグレーセ,0000334418,Pharis(FR),3,DDS
0000315658,エンゲルグレーセ,0000387135,Calonice(FR),4,DDSS
0000315658,エンゲルグレーセ,0000334374,Nasrullah(GB),5,DDSSS
0000315658,エンゲルグレーセ,0000385436,Siama(USA),5,DDSSD
0000315658,エンゲルグレーセ,0000339120,Princequillo(IRE),4,DDSD
0000315658,エンゲルグレーセ,0000386873,Anchors Aweigh(USA),5,DDSDS
0000315658,エンゲルグレーセ,0000333982,Sovereign Path(GB),5,DDSDD
0000315658,エンゲルグレーセ,0000384328,Sage Femme(GB),3,DDD
0000315658,エンゲルグレーセ,0000334084,Airborne(GB),4,DDDS
0000315658,エンゲルグレーセ,0000385230,Pangani(GB),5,DDDSS
0000315658,エンゲルグレーセ,0000334462,Rockefella(GB),5,DDDSD
0000315658,エンゲルグレーセ,0000388123,May Wong(FR),4,DDDD
0000315658,エンゲルグレーセ,0000334065,Le Levanstell(GB),5,DDDDS
0000315658,エンゲルグレーセ,0000385481,Star Dancer(IRE),5,DDDDD
0000612667,オースミコスモ,0000262443,フジキセキ,1,S
0000612667,オースミコスモ,0000333862,サンデーサイレンス(USA),2,SS
0000612667,オースミコスモ,0000383129,ミルレーサー(USA),3,SSS
0000612667,オースミコスモ,0000335154,Halo(USA),4,SSSS
0000612667,オースミコスモ,0000393162,Wishing Well(USA),5,SSSSS
0000612667,オースミコスモ,0000334064,Le Fabuleux(FR),5,SSSSD
0000612667,オースミコスモ,0000393632,Marston's Mill(USA),4,SSSD
0000612667,オースミコスモ,0000334286,Hail to Reason(USA),5,SSSDS
0000612667,オースミコスモ,0000387273,Cosmah(USA),5,SSSDD
0000612667,オースミコスモ,0000336892,Understanding(USA),3,SSD
0000612667,オースミコスモ,0000393161,Mountain Flower(USA),4,SSDS
0000612667,オースミコスモ,0000334072,Wild Risk(FR),5,SSDSS
0000612667,オースミコスモ,0000384419,Anguar(FR),5,SSDSD
0000612667,オースミコスモ,0000334720,In Reality(USA),4,SSDD
0000612667,オースミコスモ,0000393631,Millicent(USA),5,SSDDS
0000612667,オースミコスモ,0000334560,Turn-to(IRE),5,SSDDD
0000612667,オースミコスモ,0000388312,Nothirdchance(USA),2,SD
0000612667,オースミコスモ,0000335457,Cosmic Bomb(USA),3,SDS
0000612667,オースミコスモ,0000386852,Almahmoud(USA),4,SDSS
0000612667,オースミコスモ,0000334029,Promised Land(USA),5,SDSSS
0000612667,オースミコスモ,0000385295,Pretty Ways(USA),5,SDSSD
0000612667,オースミコスモ,0000336896,Montparnasse(ARG),4,SDSD
0000612667,オースミコスモ,0000393160,Edelweiss(USA),5,SDSDS
0000612667,オースミコスモ,0000334959,Rialto(FR),5,SDSDD
0000612667,オースミコスモ,0000389103,Wild Violet(FR),3,SDD
0000612667,オースミコスモ,0000334951,Verso(FR),4,SDDS
0000612667,オースミコスモ,0000385941,La Rochelle(USA),5,SDDSS
0000612667,オースミコスモ,0000334311,Intentionally(USA),5,SDDSD
0000612667,オースミコスモ,0000388243,My Dear Girl(USA),4,SDDD
0000612667,オースミコスモ,0000333954,Cornish Prince(USA),5,SDDDS
0000612667,オースミコスモ,0000389320,Milan Mill(USA),5,SDDDD
0000612667,オースミコスモ,0000209563,タイセイカグラ,1,D
0000612667,オースミコスモ,0000333661,モーニングフローリツク(USA),2,DS
0000612667,オースミコスモ,0000090361,ミリーバード,3,DSS
0000612667,オースミコスモ,0000334282,Grey Dawn(FR),4,DSSS
0000612667,オースミコスモ,0000386641,Timely Affair(USA),5,DSSSS
0000612667,オースミコスモ,0000333374,フアバージ(FR),5,DSSSD
0000612667,オースミコスモ,0000381363,ラバテラ(GB),4,DSSD
0000612667,オースミコスモ,0000334293,Herbager(FR),5,DSSDS
0000612667,オースミコスモ,0000388449,Polamia(USA),5,DSSDD
0000612667,オースミコスモ,0000335273,Bold Hour(USA),3,DSD
0000612667,オースミコスモ,0000389249,Friendly Relations(CAN),4,DSDS
0000612667,オースミコスモ,0000334436,Princely Gift(GB),5,DSDSS
0000612667,オースミコスモ,0000386738,Spring Offensive(GB),5,DSDSD
0000612667,オースミコスモ,0000334331,Le Haar(FR),4,DSDD
0000612667,オースミコスモ,0000384477,Begonia(FR),5,DSDDS
0000612667,オースミコスモ,0000333922,Vandale(FR),5,DSDDD
0000612667,オースミコスモ,0000387570,Flagette(FR),2,DD
0000612667,オースミコスモ,0000334823,Mahmoud(FR),3,DDS
0000612667,オースミコスモ,0000386737,Ampola(USA),4,DDSS
0000612667,オースミコスモ,0000334140,Bold Ruler(USA),5,DDSSS
0000612667,オースミコスモ,0000385423,Seven Thirty(USA),5,DDSSD
0000612667,オースミコスモ,0000334378,Nearctic(CAN),4,DDSD
0000612667,オースミコスモ,0000387578,Flaring Top(USA),5,DDSDS
0000612667,オースミコスモ,0000334374,Nasrullah(GB),5,DDSDD
0000612667,オースミコスモ,0000387056,Blue Gem(GB),3,DDD
0000612667,オースミコスモ,0000335555,Legend of France(FR),4,DDDS
0000612667,オースミコスモ,0000386971,Batika(FR),5,DDDSS
0000612667,オースミコスモ,0000338897,Vieux Manoir(FR),5,DDDSD
0000612667,オースミコスモ,0000388151,Mince Pie(FR),4,DDDD
0000612667,オースミコスモ,0000334150,Buisson Ardent(FR),5,DDDDS
0000612667,オースミコスモ,0000385026,Lobelia(GB),5,DDDDD
0000326291,カナハラドラゴン,0000098122,アンバーシヤダイ,1,S
0000326291,カナハラドラゴン,0000333544,ノーザンテースト(CAN),2,SS
0000326291,カナハラドラゴン,0000380822,クリアアンバー(USA),3,SSS
0000326291,カナハラドラゴン,0000334002,Northern Dancer(CAN),4,SSSS
0000326291,カナハラドラゴン,0000386266,Lady Victoria(CAN),5,SSSSS
0000326291,カナハラドラゴン,0000334094,Ambiopoise(USA),5,SSSSD
0000326291,カナハラドラゴン,0000385213,One Clear Call(USA),4,SSSD
0000326291,カナハラドラゴン,0000334378,Nearctic(CAN),5,SSSDS
0000326291,カナハラドラゴン,0000386225,Natalma(USA),5,SSSDD
0000326291,カナハラドラゴン,0000335344,Victoria Park(CAN),3,SSD
0000326291,カナハラドラゴン,0000387922,Lady Angela(GB),4,SSDS
0000326291,カナハラドラゴン,0000338908,Ambiorix(FR),5,SSDSS
0000326291,カナハラドラゴン,0000387116,Bull Poise(USA),5,SSDSD
0000326291,カナハラドラゴン,0000333945,Gallant Man(GB),4,SSDD
0000326291,カナハラドラゴン,0000387472,Europa(USA),5,SSDDS
0000326291,カナハラドラゴン,0000334377,Nearco(ITY),5,SSDDD
0000326291,カナハラドラゴン,0000387922,Lady Angela(GB),2,SD
0000326291,カナハラドラゴン,0000334375,Native Dancer(USA),3,SDS
0000326291,カナハラドラゴン,0000386852,Almahmoud(USA),4,SDSS
0000326291,カナハラドラゴン,0000334169,Chop Chop(USA),5,SDSSS
0000326291,カナハラドラゴン,0000389051,Victoriana(USA),5,SDSSD
0000326291,カナハラドラゴン,0000338878,Hyperion(GB),4,SDSD
0000326291,カナハラドラゴン,0000388720,Sister Sarah(GB),5,SDSDS
0000326291,カナハラドラゴン,0000338418,Tourbillon(FR),5,SDSDD
0000326291,カナハラドラゴン,0000387996,Lavendula(FR),3,SDD
0000326291,カナハラドラゴン,0000334943,Bull Lea(USA),4,SDDS
0000326291,カナハラドラゴン,0000386856,Alpoise(USA),5,SDDSS
0000326291,カナハラドラゴン,0000334362,Migoli(GB),5,SDDSD
0000326291,カナハラドラゴン,0000388081,Majideh(GB),4,SDDD
0000326291,カナハラドラゴン,0000334943,Bull Lea(USA),5,SDDDS
0000326291,カナハラドラゴン,0000388693,Sicily(USA),5,SDDDD
0000326291,カナハラドラゴン,0000136415,ミナガワローマン,1,D
0000326291,カナハラドラゴン,0000333640,ブレイヴエストローマン(USA),2,DS
0000326291,カナハラドラゴン,0000060558,ミナガワイチ,3,DSS
0000326291,カナハラドラゴン,0000334001,Never Bend(USA),4,DSSS
0000326291,カナハラドラゴン,0000386265,Roman Song(USA),5,DSSSS
0000326291,カナハラドラゴン,0000333422,シヤトーゲイ(USA),5,DSSSD
0000326291,カナハラドラゴン,0000379488,フローズンデユー(GB),4,DSSD
0000326291,カナハラドラゴン,0000334374,Nasrullah(GB),5,DSSDS
0000326291,カナハラドラゴン,0000387965,Lalun(USA),5,DSSDD
0000326291,カナハラドラゴン,0000335033,Roman(USA),3,DSD
0000326291,カナハラドラゴン,0000389381,Quiz Song(USA),4,DSDS
0000326291,カナハラドラゴン,0000333977,Swaps(USA),5,DSDSS
0000326291,カナハラドラゴン,0000386955,Banquet Bell(USA),5,DSDSD
0000326291,カナハラドラゴン,0000334049,Major Portion(GB),4,DSDD
0000326291,カナハラドラゴン,0000385426,Sharp Frost,5,DSDDS
0000326291,カナハラドラゴン,0000334377,Nearco(ITY),5,DSDDD
0000326291,カナハラドラゴン,0000388233,Mumtaz Begum(FR),2,DD
0000326291,カナハラドラゴン,0000334212,Djeddah(FR),3,DDS
0000326291,カナハラドラゴン,0000386988,Be Faithful(USA),4,DDSS
0000326291,カナハラドラゴン,0000334984,Sir Gallahad(FR),5,DDSSS
0000326291,カナハラドラゴン,0000387114,Buckup(GB),5,DDSSD
0000326291,カナハラドラゴン,0000335018,Sun Again(USA),4,DDSD
0000326291,カナハラドラゴン,0000389198,Clever Song(USA),5,DDSDS
0000326291,カナハラドラゴン,0000334319,Khaled(GB),5,DDSDD
0000326291,カナハラドラゴン,0000386181,Iron Reward(USA),3,DDD
0000326291,カナハラドラゴン,0000334853,Polynesian(USA),4,DDDS
0000326291,カナハラドラゴン,0000387363,Dinner Horn(USA),5,DDDSS
0000326291,カナハラドラゴン,0000334188,Court Martial(GB),5,DDDSD
0000326291,カナハラドラゴン,0000387015,Better Half(GB),4,DDDD
0000326291,カナハラドラゴン,0000333911,Abernant(GB),5,DDDDS
0000326291,カナハラドラゴン,0000389797,Snow Princess,5,DDDDD
